tipo_mov_id;data;qtde_prod;preco_venda;;;TAMANHO AMOSTRA;2.79
2;23/10/2025;223;96.26;;;MÉDIA AMOSTRAL;101.092963
2;26/03/2026;428;220.45;;;DESVIO PADRÃO AMOSTRAL;387.1397525
2;14/04/2025;606;27.34;;;;
2;19/08/2024;778;262.54;;;N POP;8092
2;05/06/2025;898;94.03;;;MÉDIA POP;R$ 101.59
2;03/03/2025;42;19.65;;;DESVPAD POP;R$ 397.90
2;01/09/2025;652;1.84;;;;
2;22/05/2026;960;51.42;;;;
2;30/07/2025;460;8.38;;;;
2;20/06/2025;979;19.32;;;;
2;17/11/2025;868;44.19;;;;
2;11/09/2025;80;1.9;;;;
2;02/12/2024;406;6.23;;;;
2;04/03/2025;439;142.21;;;;
2;02/06/2026;787;21.23;;;;
2;13/03/2026;501;11.08;;;;
2;17/04/2026;315;7.73;;;;
2;13/11/2025;522;8.2;;;;
2;19/08/2024;794;0.32;;;;
2;15/10/2025;482;68.7;;;;
2;08/09/2025;791;21.57;;;;
2;19/03/2026;857;3.78;;;;
2;16/09/2024;825;62.41;;;;
2;20/08/2024;179;193.99;;;;
2;11/07/2025;492;284.64;;;;
2;21/01/2025;309;30.53;;;;
2;09/12/2024;715;15.35;;;;
2;13/08/2025;380;72.4;;;;
2;26/07/2024;69;84.25;;;;
2;07/07/2025;680;71.18;;;;
2;13/06/2025;901;55.27;;;;
2;17/02/2025;995;9.85;;;;
2;27/12/2024;920;141.43;;;;
2;10/07/2025;233;2.06;;;;
2;10/07/2024;867;11.01;;;;
2;30/03/2026;753;13.21;;;;
2;30/06/2025;556;245.3;;;;
2;31/10/2024;328;213.13;;;;
2;24/10/2024;620;35.07;;;;
2;11/03/2026;846;100.27;;;;
2;22/09/2025;304;1.27;;;;
2;03/01/2025;115;11.54;;;;
2;30/06/2025;297;114.62;;;;
2;04/02/2025;583;271.38;;;;
2;02/01/2025;731;12.69;;;;
2;17/06/2025;545;5.09;;;;
2;03/02/2025;855;89.32;;;;
2;03/09/2025;867;271.43;;;;
2;28/11/2024;836;256.98;;;;
2;29/07/2025;453;4.45;;;;
2;09/09/2025;53;67.52;;;;
2;26/02/2026;239;1.06;;;;
2;13/01/2026;969;33.6;;;;
2;28/04/2025;662;29.48;;;;
2;12/09/2024;302;12.96;;;;
2;22/10/2024;384;197.86;;;;
2;07/01/2025;2;1.75;;;;
2;19/07/2024;525;12.71;;;;
2;01/01/2026;858;37.15;;;;
2;02/07/2025;24;38.14;;;;
2;06/02/2026;843;34.17;;;;
2;31/10/2024;44;38.12;;;;
2;28/11/2025;712;71.91;;;;
2;27/03/2025;578;26.65;;;;
2;27/05/2026;914;1.56;;;;
2;12/12/2024;676;0.78;;;;
2;15/04/2026;953;36.19;;;;
2;03/06/2026;27;9.72;;;;
2;07/01/2026;303;1;;;;
2;12/02/2025;348;4.64;;;;
2;23/07/2024;983;32.94;;;;
2;19/03/2025;884;2.38;;;;
2;06/11/2024;781;2.65;;;;
2;01/07/2025;517;154.15;;;;
2;03/12/2024;830;10.82;;;;
2;01/10/2024;774;1.75;;;;
2;09/01/2026;901;100.47;;;;
2;17/07/2024;952;427.45;;;;
2;26/02/2026;346;90.28;;;;
2;04/07/2025;762;20.66;;;;
2;02/05/2025;400;148.76;;;;
2;22/09/2025;909;110.68;;;;
2;19/11/2025;194;1.81;;;;
2;16/08/2024;331;33.78;;;;
2;11/02/2026;937;128.25;;;;
2;10/02/2026;233;0.72;;;;
2;21/10/2024;915;0.86;;;;
2;20/08/2024;336;237.43;;;;
2;28/08/2024;802;16.46;;;;
2;09/12/2025;23;190.09;;;;
2;29/09/2025;74;23.2;;;;
2;15/01/2026;410;46.65;;;;
2;23/03/2026;127;2.36;;;;
2;24/11/2025;610;26.52;;;;
2;21/07/2025;902;227.75;;;;
2;04/02/2025;719;190.28;;;;
2;24/07/2024;472;5.43;;;;
2;06/06/2025;260;221.6;;;;
2;29/04/2026;279;20.66;;;;
2;13/09/2024;377;34.04;;;;
2;03/11/2025;142;268.71;;;;
2;11/12/2024;982;13.62;;;;
2;22/01/2025;755;9.65;;;;
2;28/04/2026;107;45.57;;;;
2;30/12/2025;718;12.36;;;;
2;29/09/2025;937;118.97;;;;
2;28/02/2025;459;0.91;;;;
2;16/05/2025;21;165.55;;;;
2;10/10/2025;551;1.84;;;;
2;30/03/2026;409;223.11;;;;
2;19/05/2025;625;37.97;;;;
2;18/05/2026;929;178.51;;;;
2;29/05/2025;785;223.83;;;;
2;30/04/2026;323;1.08;;;;
2;17/09/2025;446;73.24;;;;
2;16/09/2024;799;27.59;;;;
2;23/06/2025;730;38.11;;;;
2;27/08/2025;85;62.79;;;;
2;15/01/2026;992;24.49;;;;
2;09/10/2024;77;1.02;;;;
2;18/07/2024;557;26.19;;;;
2;11/02/2025;336;98.38;;;;
2;17/11/2025;881;31.13;;;;
2;10/03/2026;326;15.06;;;;
2;25/02/2025;561;11.14;;;;
2;27/09/2024;122;185.74;;;;
2;15/08/2025;112;11.99;;;;
2;16/01/2026;90;29.93;;;;
2;26/03/2026;710;54.48;;;;
2;09/01/2026;955;147.03;;;;
2;22/10/2025;503;270.83;;;;
2;07/10/2025;498;95.63;;;;
2;19/03/2026;529;11.94;;;;
2;30/12/2025;364;1.77;;;;
2;15/05/2026;241;248.63;;;;
2;23/08/2024;40;163.19;;;;
2;30/06/2025;747;1.19;;;;
2;19/08/2025;536;137.18;;;;
2;13/08/2024;801;141.91;;;;
2;24/04/2025;329;1.2;;;;
2;11/07/2025;819;14.7;;;;
2;19/05/2026;468;1.98;;;;
2;05/02/2026;400;8.48;;;;
2;25/07/2025;244;173.81;;;;
2;11/11/2024;999;9.1;;;;
2;19/03/2026;392;29.82;;;;
2;23/05/2025;552;179.42;;;;
2;18/12/2024;989;27.45;;;;
2;13/05/2025;484;35.92;;;;
2;06/01/2026;484;488.08;;;;
2;27/11/2024;983;8.18;;;;
2;01/05/2025;809;33.08;;;;
2;24/07/2025;982;29.14;;;;
2;25/05/2026;146;32.3;;;;
2;09/09/2025;954;65.44;;;;
2;25/08/2025;262;229.62;;;;
2;18/04/2025;524;83.26;;;;
2;24/09/2024;496;9.72;;;;
2;05/07/2024;406;195.36;;;;
2;10/07/2025;523;2.38;;;;
2;02/05/2025;988;27.73;;;;
2;11/12/2024;75;4.57;;;;
2;25/07/2024;527;91.26;;;;
2;28/07/2025;138;0.43;;;;
2;08/07/2024;453;277.01;;;;
2;04/02/2025;122;141.29;;;;
2;29/10/2024;282;44.3;;;;
2;18/03/2025;843;179.69;;;;
2;06/08/2024;245;1.07;;;;
2;28/08/2024;126;289.37;;;;
2;09/01/2026;684;8.82;;;;
2;07/05/2026;468;27.84;;;;
2;08/04/2025;138;93.38;;;;
2;15/11/2024;47;13.18;;;;
2;16/01/2025;885;237.42;;;;
2;11/04/2025;428;20.45;;;;
2;27/01/2025;193;15.93;;;;
2;05/09/2024;4;4546.41;;;;
2;17/09/2025;5;57.15;;;;
2;13/11/2025;425;39;;;;
2;21/07/2025;557;255.74;;;;
2;14/10/2025;304;22.23;;;;
2;13/02/2025;932;101.46;;;;
2;23/09/2025;957;219.12;;;;
2;09/01/2026;277;4050.19;;;;
2;30/12/2024;578;214.46;;;;
2;09/01/2026;178;91.21;;;;
2;25/09/2024;479;39.82;;;;
2;03/02/2026;106;4957.44;;;;
2;05/09/2025;328;9.36;;;;
2;22/01/2026;49;13.63;;;;
2;01/11/2024;849;38.85;;;;
2;24/03/2025;257;26.01;;;;
2;28/08/2025;322;0.86;;;;
2;16/01/2025;957;260.5;;;;
2;07/05/2025;458;58.52;;;;
2;17/01/2025;178;54.82;;;;
2;29/10/2024;792;13.95;;;;
2;15/11/2024;24;7.04;;;;
2;06/05/2025;125;177.5;;;;
2;30/07/2024;331;1.08;;;;
2;01/05/2025;125;70.7;;;;
2;26/11/2025;101;96.39;;;;
2;27/04/2026;266;255.4;;;;
2;15/08/2024;189;172.21;;;;
2;19/06/2025;967;93.22;;;;
2;19/09/2025;883;7.4;;;;
2;02/03/2026;288;73.09;;;;
2;21/08/2024;141;4833.29;;;;
2;02/05/2025;965;57.59;;;;
2;05/12/2025;152;226.59;;;;
2;12/09/2024;984;98.66;;;;
2;12/03/2026;720;26.46;;;;
2;08/01/2026;129;6.71;;;;
2;05/07/2024;209;285.4;;;;
2;09/09/2025;267;22.14;;;;
2;22/08/2025;849;1.32;;;;
2;07/04/2026;130;29.23;;;;
2;17/11/2025;886;258.27;;;;
2;11/10/2024;846;85.26;;;;
2;14/11/2025;441;5.33;;;;
2;19/05/2026;517;30.8;;;;
2;05/05/2025;180;2.12;;;;
2;28/07/2025;466;33.94;;;;
2;21/01/2026;350;433.59;;;;
2;16/10/2024;506;64.58;;;;
2;08/01/2025;921;5;;;;
2;31/01/2025;440;7.68;;;;
2;11/07/2025;690;201.69;;;;
2;04/11/2024;476;1680.77;;;;
2;04/11/2024;258;44.51;;;;
2;03/06/2026;443;101.92;;;;
2;19/09/2024;397;8.61;;;;
2;28/01/2026;784;191.88;;;;
2;23/04/2025;887;27.23;;;;
2;13/08/2025;588;15.68;;;;
2;21/01/2026;534;55.01;;;;
2;12/06/2025;954;6.89;;;;
2;11/09/2025;108;263.18;;;;
2;11/07/2024;504;27.5;;;;
2;30/06/2025;730;0.79;;;;
2;19/03/2025;868;393.17;;;;
2;03/09/2024;113;86.46;;;;
2;02/03/2026;6;17.03;;;;
2;25/11/2025;611;42.75;;;;
2;11/07/2025;750;22.79;;;;
2;14/01/2025;472;234.31;;;;
2;11/06/2025;498;9.1;;;;
2;19/07/2024;452;2.29;;;;
2;02/09/2025;10;6.19;;;;
2;13/08/2025;108;79.24;;;;
2;09/05/2025;871;4.59;;;;
2;04/09/2024;428;85.34;;;;
2;15/09/2025;622;212.52;;;;
2;10/12/2025;157;62.6;;;;
2;02/09/2024;93;0.71;;;;
2;02/09/2025;293;286.71;;;;
2;09/01/2025;213;11.65;;;;
2;03/12/2024;684;39.98;;;;
2;08/12/2025;366;37.47;;;;
2;16/10/2024;565;191.27;;;;
2;07/10/2025;845;274.49;;;;
2;15/07/2025;764;28.92;;;;
2;19/11/2025;499;487.32;;;;
2;04/07/2025;629;0.87;;;;
2;24/02/2025;815;43.01;;;;
2;30/07/2024;94;19.46;;;;
2;06/08/2024;657;9.11;;;;
2;17/03/2026;31;221.91;;;;
2;06/02/2026;63;58.39;;;;
2;30/05/2025;783;63.4;;;;
2;24/12/2025;653;66.48;;;;
2;02/12/2025;842;13.61;;;;
2;07/05/2026;593;1.27;;;;
2;07/11/2025;985;6.66;;;;
2;24/12/2025;631;28.53;;;;
2;03/02/2025;217;80.45;;;;
2;25/08/2025;343;6.26;;;;
2;14/02/2025;613;83.29;;;;
2;20/02/2026;685;154.19;;;;
2;09/12/2025;20;10.32;;;;
2;14/11/2024;132;191.37;;;;
2;24/06/2025;611;6.34;;;;
2;30/06/2025;724;188.43;;;;
2;07/07/2025;954;9.48;;;;
2;04/12/2024;404;41.27;;;;
2;23/08/2024;198;9.77;;;;
2;27/03/2025;805;18.51;;;;
2;26/12/2025;513;20.28;;;;
2;11/03/2026;396;240.94;;;;
2;20/08/2024;654;227.6;;;;
2;24/07/2024;442;14.54;;;;
2;31/03/2025;70;67.03;;;;
2;19/01/2026;722;189.23;;;;
2;11/08/2025;89;12.63;;;;
2;12/09/2024;101;1.19;;;;
2;29/01/2025;701;64.78;;;;
2;29/05/2025;905;6.8;;;;
2;20/12/2024;171;21.84;;;;
2;28/04/2025;742;98.3;;;;
2;11/02/2026;342;7.43;;;;
2;21/10/2025;60;7.3;;;;
2;22/05/2025;956;47.14;;;;
2;05/12/2025;909;1.52;;;;
2;26/02/2025;954;1.88;;;;
2;12/09/2024;363;1.26;;;;
2;21/04/2025;643;100.31;;;;
2;09/05/2025;575;23.33;;;;
2;19/08/2024;889;31.56;;;;
2;30/01/2025;834;69.66;;;;
2;11/04/2025;135;8.89;;;;
2;29/04/2025;247;91.2;;;;
2;20/03/2026;600;91.86;;;;
2;10/07/2024;780;1.42;;;;
2;10/09/2024;534;34.25;;;;
2;27/05/2025;872;248.28;;;;
2;12/12/2024;548;102.85;;;;
2;04/09/2024;482;14.71;;;;
2;16/07/2025;656;9.72;;;;
2;09/08/2024;278;247.87;;;;
2;28/08/2025;632;89.95;;;;
2;04/02/2025;682;59.51;;;;
2;06/12/2024;853;16.41;;;;
2;17/02/2026;43;0.76;;;;
2;11/11/2024;110;1.38;;;;
2;28/08/2025;990;278.22;;;;
2;07/11/2025;730;25.9;;;;
2;27/06/2025;64;99.79;;;;
2;08/10/2024;268;1.22;;;;
2;20/05/2025;592;20.44;;;;
2;27/01/2026;360;88.94;;;;
2;21/01/2025;960;83.48;;;;
2;22/07/2024;181;12.76;;;;
2;14/03/2025;872;6.14;;;;
2;21/08/2025;775;27.29;;;;
2;19/02/2026;600;94.21;;;;
2;15/04/2026;795;0.43;;;;
2;16/09/2024;185;25.39;;;;
2;12/08/2024;488;1.34;;;;
2;30/01/2025;899;26.9;;;;
2;25/02/2026;276;26;;;;
2;30/06/2025;132;53.08;;;;
2;17/04/2026;916;16.43;;;;
2;18/03/2025;762;199.99;;;;
2;26/11/2024;748;10.94;;;;
2;17/10/2024;970;5.29;;;;
2;13/01/2025;171;34.74;;;;
2;29/10/2025;359;26.42;;;;
2;23/12/2025;646;1.02;;;;
2;03/12/2025;755;7.76;;;;
2;02/04/2026;725;34.08;;;;
2;21/01/2026;526;19.21;;;;
2;19/01/2026;21;28.2;;;;
2;24/02/2025;313;47.62;;;;
2;05/05/2025;855;154.61;;;;
2;31/10/2025;667;77.75;;;;
2;16/12/2025;384;2.84;;;;
2;14/11/2025;182;9.67;;;;
2;11/08/2025;197;0.93;;;;
2;17/11/2025;95;28.36;;;;
2;02/10/2024;981;0.55;;;;
2;04/09/2025;38;26.1;;;;
2;21/05/2025;635;226.18;;;;
2;26/11/2025;410;27.43;;;;
2;13/03/2026;594;72.16;;;;
2;07/02/2025;350;203.44;;;;
2;25/11/2025;224;18.98;;;;
2;24/02/2025;173;92.36;;;;
2;26/05/2025;425;8.24;;;;
2;27/08/2024;345;15.11;;;;
2;01/04/2025;919;34.41;;;;
2;14/08/2024;504;11.19;;;;
2;21/02/2025;116;12.15;;;;
2;01/10/2024;235;6.32;;;;
2;20/05/2026;852;1.32;;;;
2;30/04/2026;3;79.92;;;;
2;23/12/2024;673;18.05;;;;
2;21/04/2026;591;1.59;;;;
2;13/08/2024;318;37.78;;;;
2;30/05/2025;324;28.37;;;;
2;25/12/2024;32;56.11;;;;
2;10/07/2024;887;31.45;;;;
2;02/12/2025;635;7.9;;;;
2;02/10/2025;755;47.29;;;;
2;30/04/2026;954;5.6;;;;
2;19/03/2026;44;216.31;;;;
2;03/12/2024;936;77;;;;
2;10/10/2025;68;8.65;;;;
2;27/03/2026;277;8.91;;;;
2;25/06/2025;911;39.92;;;;
2;17/01/2025;406;5.98;;;;
2;18/05/2026;968;10.93;;;;
2;10/02/2026;325;20.4;;;;
2;10/10/2024;560;54.54;;;;
2;06/02/2026;762;26.58;;;;
2;29/04/2025;248;23.78;;;;
2;12/08/2024;494;90.14;;;;
2;13/04/2026;488;9.18;;;;
2;23/01/2026;986;87.65;;;;
2;19/02/2026;460;17.01;;;;
2;17/11/2025;80;2.11;;;;
2;16/03/2026;997;9.91;;;;
2;14/01/2026;476;1.32;;;;
2;22/10/2024;924;29.14;;;;
2;22/12/2025;473;6.64;;;;
2;11/07/2024;570;161.63;;;;
2;16/09/2025;77;67.03;;;;
2;22/11/2024;169;174.82;;;;
2;15/07/2025;434;30.23;;;;
2;20/02/2025;282;247.83;;;;
2;03/09/2025;7;37.59;;;;
2;29/09/2025;918;28.81;;;;
2;06/09/2024;4;82.25;;;;
2;28/10/2025;448;37.58;;;;
2;15/11/2024;196;60.53;;;;
2;27/11/2025;422;142.85;;;;
2;11/09/2025;946;19.68;;;;
2;13/08/2024;995;39.37;;;;
2;04/07/2024;12;82.62;;;;
2;25/04/2025;354;21.19;;;;
2;06/08/2024;361;1.19;;;;
2;13/11/2024;927;134.75;;;;
2;27/11/2024;953;22.81;;;;
2;27/11/2024;549;8.5;;;;
2;01/07/2024;447;224.44;;;;
2;02/03/2026;12;29.33;;;;
2;27/11/2025;189;52.15;;;;
2;30/03/2026;142;8.2;;;;
2;14/10/2025;137;29.3;;;;
2;05/11/2024;176;20.16;;;;
2;16/01/2026;767;87.67;;;;
2;13/11/2024;739;1.33;;;;
2;08/07/2025;459;12.32;;;;
2;22/04/2026;31;4.79;;;;
2;25/10/2024;169;9.43;;;;
2;29/12/2025;313;1.18;;;;
2;03/06/2026;798;1.5;;;;
2;22/12/2025;838;69.86;;;;
2;06/09/2024;152;120.44;;;;
2;19/11/2025;832;94.35;;;;
2;12/02/2026;336;12.46;;;;
2;05/03/2026;824;10.26;;;;
2;19/03/2025;747;0.87;;;;
2;25/12/2025;132;91.16;;;;
2;11/12/2025;206;0.23;;;;
2;08/07/2025;451;27;;;;
2;22/10/2025;891;37.93;;;;
2;13/06/2025;541;40.82;;;;
2;28/01/2025;140;20.98;;;;
2;15/07/2025;833;5.44;;;;
2;10/03/2025;399;11.66;;;;
2;10/07/2024;280;34.56;;;;
2;17/10/2025;45;11.54;;;;
2;06/10/2025;176;67.89;;;;
2;25/05/2026;614;46.2;;;;
2;14/11/2024;794;1.4;;;;
2;14/04/2025;97;22.51;;;;
2;16/09/2025;749;39.1;;;;
2;28/05/2025;923;38.38;;;;
2;18/11/2024;682;34.7;;;;
2;20/09/2024;337;4.96;;;;
2;12/12/2024;7;45.98;;;;
2;06/02/2025;451;4.81;;;;
2;26/09/2024;500;91.45;;;;
2;03/04/2026;686;95.59;;;;
2;28/11/2024;342;44.1;;;;
2;29/04/2026;995;12.05;;;;
2;17/02/2026;710;17.27;;;;
2;02/06/2025;800;13.1;;;;
2;04/07/2025;262;28.54;;;;
2;23/08/2024;850;43.27;;;;
2;07/01/2025;795;17.8;;;;
2;21/02/2025;539;167.05;;;;
2;10/04/2025;845;246.32;;;;
2;11/10/2024;445;0.94;;;;
2;22/07/2024;772;75.74;;;;
2;18/03/2025;354;23.1;;;;
2;30/04/2026;715;27.62;;;;
2;27/02/2025;511;12.16;;;;
2;11/07/2025;794;27.95;;;;
2;30/12/2024;289;21.02;;;;
2;13/08/2024;114;70.87;;;;
2;02/08/2024;98;0.6;;;;
2;28/04/2025;441;216.08;;;;
2;13/10/2025;472;263.7;;;;
2;11/07/2025;369;6.55;;;;
2;07/04/2025;959;8.38;;;;
2;04/07/2025;208;3.93;;;;
2;20/08/2024;321;10.36;;;;
2;18/11/2024;745;72.32;;;;
2;08/10/2025;352;91.53;;;;
2;25/02/2025;924;0.88;;;;
2;25/03/2025;794;45.97;;;;
2;14/07/2025;453;1.1;;;;
2;15/05/2026;80;21.89;;;;
2;15/01/2026;569;6.44;;;;
2;27/09/2024;999;106.08;;;;
2;03/09/2025;764;6.79;;;;
2;13/06/2025;199;37;;;;
2;03/03/2026;145;31.72;;;;
2;03/10/2025;748;26.65;;;;
2;25/03/2026;23;46.1;;;;
2;30/05/2025;603;6.96;;;;
2;04/05/2026;123;5.82;;;;
2;05/11/2024;722;131.63;;;;
2;04/09/2024;786;0.78;;;;
2;08/04/2025;226;8.39;;;;
2;21/07/2025;430;0.24;;;;
2;30/05/2025;970;53.49;;;;
2;30/04/2026;872;10.35;;;;
2;24/02/2025;508;76.8;;;;
2;25/09/2024;497;228.48;;;;
2;22/05/2025;692;29.34;;;;
2;23/12/2024;530;46.25;;;;
2;06/01/2026;307;18.55;;;;
2;21/02/2025;481;25.31;;;;
2;27/03/2026;287;260.96;;;;
2;30/06/2025;773;5.74;;;;
2;28/08/2025;854;90.24;;;;
2;20/05/2025;960;178.18;;;;
2;24/11/2025;869;235.98;;;;
2;01/04/2026;224;5.32;;;;
2;15/09/2025;244;89.09;;;;
2;07/04/2025;437;392.88;;;;
2;02/03/2026;96;33.35;;;;
2;05/12/2024;850;338.2;;;;
2;30/07/2025;338;27.46;;;;
2;22/12/2025;349;0.53;;;;
2;01/11/2024;589;122.38;;;;
2;29/10/2025;343;54.86;;;;
2;28/01/2026;319;211.07;;;;
2;22/04/2026;666;30.1;;;;
2;18/11/2024;218;7.26;;;;
2;07/04/2026;321;5.14;;;;
2;28/08/2024;741;1.17;;;;
2;12/12/2025;591;5.06;;;;
2;13/09/2024;474;14.82;;;;
2;23/05/2025;719;27.86;;;;
2;30/03/2026;898;2.16;;;;
2;25/11/2025;540;210.26;;;;
2;30/05/2025;773;243.43;;;;
2;17/09/2024;865;116.29;;;;
2;04/04/2025;361;119.43;;;;
2;05/08/2024;205;80.33;;;;
2;18/02/2026;368;258.27;;;;
2;14/01/2026;621;133.55;;;;
2;05/08/2025;961;4.32;;;;
2;20/03/2025;847;4.58;;;;
2;27/05/2026;284;104.9;;;;
2;13/03/2026;587;75.77;;;;
2;06/08/2024;733;225.36;;;;
2;21/04/2025;579;14.99;;;;
2;20/11/2025;650;34.47;;;;
2;11/04/2025;714;222.2;;;;
2;30/07/2025;631;21.95;;;;
2;03/03/2025;880;88.07;;;;
2;11/03/2025;893;0.3;;;;
2;10/09/2024;365;0.88;;;;
2;28/04/2026;362;54.45;;;;
2;04/10/2024;41;177.05;;;;
2;04/06/2026;780;198.05;;;;
2;27/12/2024;570;5.73;;;;
2;06/03/2026;769;10.01;;;;
2;04/08/2025;993;77.32;;;;
2;30/12/2024;665;6.4;;;;
2;14/10/2025;802;1.24;;;;
2;26/02/2026;575;31.6;;;;
2;20/03/2026;940;223.25;;;;
2;26/07/2024;459;7.95;;;;
2;03/09/2024;27;26.85;;;;
2;05/06/2025;120;28.08;;;;
2;13/05/2026;633;42.61;;;;
2;22/04/2025;772;20.57;;;;
2;26/03/2026;534;45;;;;
2;13/04/2026;332;138.01;;;;
2;28/02/2025;920;1.75;;;;
2;19/12/2024;514;141.71;;;;
2;14/11/2025;989;243.85;;;;
2;01/01/2026;769;268.58;;;;
2;28/10/2025;530;12.22;;;;
2;23/07/2024;779;5.73;;;;
2;20/06/2025;838;11.5;;;;
2;20/11/2024;194;12.6;;;;
2;05/05/2026;711;26.94;;;;
2;04/02/2026;167;53.25;;;;
2;02/10/2025;307;23.07;;;;
2;04/12/2025;148;6.56;;;;
2;31/07/2025;169;102.27;;;;
2;29/08/2025;826;83.96;;;;
2;02/05/2025;439;94.56;;;;
2;20/05/2025;505;24.13;;;;
2;18/03/2025;516;15.37;;;;
2;06/10/2025;397;11.93;;;;
2;29/04/2025;966;154.14;;;;
2;03/10/2025;680;98.95;;;;
2;25/12/2024;364;1684.26;;;;
2;03/02/2026;299;1230.92;;;;
2;16/09/2024;693;22.5;;;;
2;06/04/2026;485;10.36;;;;
2;21/07/2025;31;196.58;;;;
2;21/10/2025;316;71.62;;;;
2;07/05/2025;866;26.32;;;;
2;17/10/2025;553;6.72;;;;
2;12/09/2025;243;12.58;;;;
2;04/02/2025;652;141.81;;;;
2;16/01/2026;850;1.93;;;;
2;26/02/2026;538;37.38;;;;
2;06/10/2025;73;62.4;;;;
2;11/12/2024;117;158.54;;;;
2;12/08/2025;976;18.02;;;;
2;24/09/2024;100;86.5;;;;
2;01/08/2024;969;1.4;;;;
2;06/03/2025;825;22.79;;;;
2;20/10/2025;251;83.65;;;;
2;27/05/2026;926;0.82;;;;
2;14/08/2024;708;8.52;;;;
2;01/05/2025;500;39.49;;;;
2;27/02/2025;620;86.91;;;;
2;09/06/2025;702;23.17;;;;
2;26/12/2025;843;80.9;;;;
2;17/01/2025;351;155.06;;;;
2;07/08/2024;59;183.94;;;;
2;14/11/2024;386;83.67;;;;
2;13/11/2025;898;4.71;;;;
2;10/07/2025;814;1.31;;;;
2;30/10/2024;931;32.73;;;;
2;24/02/2025;212;12.4;;;;
2;05/02/2025;371;78.1;;;;
2;24/09/2025;664;67.88;;;;
2;24/07/2024;888;73.82;;;;
2;11/07/2024;608;27.88;;;;
2;11/05/2026;369;14.73;;;;
2;30/05/2025;218;1.25;;;;
2;04/12/2024;840;47.53;;;;
2;25/12/2025;477;0.84;;;;
2;15/04/2026;351;93.04;;;;
2;01/10/2024;115;8.27;;;;
2;11/08/2025;991;205.65;;;;
2;29/08/2025;826;6.24;;;;
2;25/03/2025;642;280.49;;;;
2;06/03/2025;837;60.09;;;;
2;25/06/2025;109;82.73;;;;
2;05/09/2025;575;15.95;;;;
2;23/07/2024;677;2.87;;;;
2;02/12/2025;942;245.22;;;;
2;15/04/2026;878;47.72;;;;
2;05/08/2025;975;17.5;;;;
2;20/08/2024;186;19.41;;;;
2;11/06/2025;17;33.39;;;;
2;14/08/2025;332;56.25;;;;
2;05/12/2024;957;0.89;;;;
2;05/09/2025;277;245.68;;;;
2;12/03/2025;276;69.57;;;;
2;08/09/2025;704;24.04;;;;
2;24/04/2025;703;14.24;;;;
2;10/02/2025;597;218.17;;;;
2;21/10/2024;871;171.78;;;;
2;17/09/2024;9;4.88;;;;
2;09/09/2025;97;29.76;;;;
2;25/03/2025;454;183.23;;;;
2;02/02/2026;2;34.31;;;;
2;12/05/2025;980;21.26;;;;
2;04/12/2024;463;107.33;;;;
2;14/03/2025;801;44.75;;;;
2;14/03/2025;113;16.04;;;;
2;02/01/2025;324;26.51;;;;
2;22/08/2025;581;204.06;;;;
2;10/12/2025;527;14.7;;;;
2;19/03/2026;274;87.89;;;;
2;06/03/2025;664;114.52;;;;
2;18/11/2024;756;38.09;;;;
2;01/06/2026;999;4.26;;;;
2;13/01/2026;991;22.82;;;;
2;30/03/2026;823;23.68;;;;
2;12/06/2025;5;29.62;;;;
2;16/10/2024;21;0.96;;;;
2;14/02/2025;712;7.38;;;;
2;18/12/2024;884;149.17;;;;
2;24/09/2024;721;13.98;;;;
2;05/06/2025;806;7.17;;;;
2;17/02/2025;701;29.97;;;;
2;26/11/2025;837;59.77;;;;
2;23/09/2025;79;21.98;;;;
2;07/01/2025;230;72.15;;;;
2;01/08/2024;434;206.04;;;;
2;20/11/2024;428;74.21;;;;
2;03/09/2024;812;1.07;;;;
2;09/04/2026;292;75.34;;;;
2;22/10/2025;885;222.88;;;;
2;17/04/2026;256;58.67;;;;
2;12/08/2025;1000;165.23;;;;
2;28/11/2024;616;21.67;;;;
2;14/05/2025;501;14.01;;;;
2;04/09/2024;822;22.33;;;;
2;09/09/2025;944;0.93;;;;
2;02/09/2024;398;199.43;;;;
2;01/04/2026;930;8.99;;;;
2;14/02/2025;795;222.28;;;;
2;21/05/2026;76;17.9;;;;
2;10/04/2025;3;0.88;;;;
2;05/12/2024;605;1378.61;;;;
2;03/07/2025;820;28.4;;;;
2;30/12/2024;49;94.41;;;;
2;05/02/2026;452;1.03;;;;
2;04/05/2026;976;29.17;;;;
2;27/08/2024;582;0.66;;;;
2;31/07/2024;817;0.73;;;;
2;15/05/2026;318;6.92;;;;
2;25/11/2025;836;11.12;;;;
2;22/08/2025;492;93.87;;;;
2;09/06/2025;666;105.4;;;;
2;28/04/2026;405;25.92;;;;
2;10/03/2026;757;85.06;;;;
2;14/04/2026;177;31.52;;;;
2;09/02/2026;949;22.78;;;;
2;19/08/2025;812;6.43;;;;
2;09/09/2024;473;1454.84;;;;
2;31/03/2026;330;25.69;;;;
2;25/08/2025;972;76.47;;;;
2;17/01/2025;186;9.31;;;;
2;17/07/2024;413;179.51;;;;
2;03/06/2026;726;26.16;;;;
2;01/11/2024;61;1.93;;;;
2;01/12/2025;670;42.77;;;;
2;21/04/2025;553;5.09;;;;
2;21/01/2025;297;6.71;;;;
2;26/02/2026;318;52.87;;;;
2;09/04/2025;566;221.23;;;;
2;16/10/2024;394;218.54;;;;
2;14/02/2025;901;6.7;;;;
2;19/08/2024;58;52.42;;;;
2;08/01/2026;126;16.98;;;;
2;04/02/2026;16;139.66;;;;
2;20/02/2026;275;58.52;;;;
2;12/09/2025;20;7.29;;;;
2;17/04/2025;757;4.31;;;;
2;14/01/2026;183;4.48;;;;
2;20/11/2025;343;6.51;;;;
2;14/10/2025;901;165.04;;;;
2;01/07/2024;142;8.05;;;;
2;28/05/2025;598;12.62;;;;
2;14/03/2025;950;11.95;;;;
2;16/12/2025;443;8.44;;;;
2;17/01/2025;103;36.92;;;;
2;30/03/2026;251;184.15;;;;
2;08/09/2025;754;1.84;;;;
2;19/02/2025;987;180.39;;;;
2;27/04/2026;786;1.33;;;;
2;30/08/2024;66;53.42;;;;
2;18/12/2024;577;0.93;;;;
2;14/04/2025;651;198.46;;;;
2;07/04/2025;398;15.62;;;;
2;19/07/2024;479;10.99;;;;
2;25/10/2024;491;35.24;;;;
2;07/08/2025;790;0.85;;;;
2;25/04/2025;626;0.62;;;;
2;14/03/2025;872;117.38;;;;
2;22/11/2024;98;6.29;;;;
2;22/05/2025;181;105.13;;;;
2;14/05/2025;891;1.65;;;;
2;18/11/2024;982;265.48;;;;
2;01/08/2025;757;148.84;;;;
2;14/10/2024;141;29.81;;;;
2;25/12/2024;176;8.39;;;;
2;14/11/2025;514;39.72;;;;
2;24/03/2025;428;134.18;;;;
2;18/06/2025;16;18.23;;;;
2;14/08/2025;277;4629.25;;;;
2;27/10/2025;677;154.08;;;;
2;06/10/2025;939;32.59;;;;
2;10/04/2025;277;78.52;;;;
2;08/05/2025;301;79.82;;;;
2;26/12/2024;779;9.3;;;;
2;19/03/2026;223;0.85;;;;
2;03/10/2024;647;87.99;;;;
2;18/05/2026;788;1.2;;;;
2;15/04/2026;318;6.23;;;;
2;03/12/2024;247;155.52;;;;
2;09/12/2024;802;30.54;;;;
2;05/09/2025;483;80.37;;;;
2;29/12/2025;505;1.59;;;;
2;11/08/2025;738;0.72;;;;
2;24/03/2026;797;1.81;;;;
2;18/11/2025;147;92.5;;;;
2;29/10/2025;493;243.27;;;;
2;18/11/2024;835;131.75;;;;
2;10/12/2025;582;4.91;;;;
2;15/04/2025;599;165.46;;;;
2;04/07/2024;616;26.57;;;;
2;27/09/2024;457;12.93;;;;
2;13/11/2025;188;2.27;;;;
2;12/12/2024;25;126.5;;;;
2;30/09/2024;253;274.6;;;;
2;12/08/2024;900;19.01;;;;
2;29/10/2025;434;209.1;;;;
2;23/07/2024;261;1.05;;;;
2;30/09/2024;919;42.72;;;;
2;15/07/2025;895;22.55;;;;
2;28/08/2024;826;79.5;;;;
2;07/11/2024;746;1.91;;;;
2;02/01/2026;125;4214.38;;;;
2;27/05/2026;151;154.73;;;;
2;04/10/2024;217;65.67;;;;
2;08/04/2026;611;24.03;;;;
2;19/03/2025;702;2.23;;;;
2;20/02/2025;432;18.3;;;;
2;18/11/2025;79;80.71;;;;
2;23/01/2025;385;7.5;;;;
2;03/07/2025;48;45.1;;;;
2;18/04/2025;966;24.9;;;;
2;26/02/2025;263;188.87;;;;
2;25/11/2024;197;15.88;;;;
2;30/08/2024;267;1.84;;;;
2;10/09/2024;33;80.01;;;;
2;05/03/2026;269;93.66;;;;
2;17/04/2026;227;0.24;;;;
2;01/05/2026;895;49.91;;;;
2;31/03/2026;972;0.84;;;;
2;07/11/2025;129;507.42;;;;
2;19/08/2024;7;247.98;;;;
2;02/01/2025;79;359.17;;;;
2;27/02/2026;146;252.5;;;;
2;07/11/2024;219;239.64;;;;
2;05/11/2025;866;44.06;;;;
2;11/07/2025;424;11.99;;;;
2;26/11/2025;219;16.71;;;;
2;31/10/2024;144;243.48;;;;
2;26/02/2025;858;27.06;;;;
2;18/11/2024;895;4.83;;;;
2;04/03/2026;347;129.64;;;;
2;19/11/2025;806;149.09;;;;
2;17/12/2024;288;1.51;;;;
2;01/07/2024;897;30.89;;;;
2;06/02/2025;686;95.39;;;;
2;16/09/2024;799;71.1;;;;
2;27/03/2025;270;93.56;;;;
2;07/11/2025;394;35.06;;;;
2;27/08/2024;553;0.31;;;;
2;19/12/2025;80;12.97;;;;
2;23/07/2024;552;6.91;;;;
2;20/12/2024;776;6.87;;;;
2;03/09/2025;761;11.45;;;;
2;16/07/2025;965;7.43;;;;
2;02/06/2025;5;18.61;;;;
2;26/08/2024;184;45.98;;;;
2;08/07/2024;549;34.59;;;;
2;04/10/2024;862;37.51;;;;
2;25/05/2026;373;79.64;;;;
2;25/12/2024;313;9.17;;;;
2;17/10/2024;84;32.33;;;;
2;29/07/2025;854;87.85;;;;
2;01/08/2024;278;4.87;;;;
2;23/06/2025;308;254.11;;;;
2;20/02/2025;974;85.42;;;;
2;12/03/2026;445;13.57;;;;
2;14/10/2025;760;234.71;;;;
2;24/03/2025;222;4100.31;;;;
2;12/03/2025;260;75.52;;;;
2;07/02/2025;549;35.72;;;;
2;18/03/2025;269;227.49;;;;
2;29/01/2025;350;23.11;;;;
2;08/05/2026;412;1.57;;;;
2;24/03/2025;547;99.61;;;;
2;11/03/2025;778;26.27;;;;
2;31/03/2025;889;57.33;;;;
2;03/02/2026;715;19.78;;;;
2;23/05/2025;162;6.37;;;;
2;17/09/2025;114;370.62;;;;
2;24/03/2025;261;0.79;;;;
2;04/07/2024;826;42.12;;;;
2;14/01/2025;328;31.93;;;;
2;15/05/2025;431;13.42;;;;
2;21/11/2025;29;98.05;;;;
2;13/06/2025;379;34.44;;;;
2;11/03/2026;576;11.93;;;;
2;04/06/2025;234;1.53;;;;
2;08/10/2025;606;4.8;;;;
2;12/07/2024;819;1;;;;
2;27/11/2025;900;8.34;;;;
2;05/11/2025;104;0.96;;;;
2;19/03/2025;757;1.91;;;;
2;17/10/2024;47;85.6;;;;
2;27/12/2024;609;9.91;;;;
2;17/03/2025;216;167.82;;;;
2;18/03/2026;226;145.62;;;;
2;24/12/2024;980;31.92;;;;
2;22/04/2025;354;29.09;;;;
2;18/11/2024;819;8.53;;;;
2;12/02/2025;650;23.65;;;;
2;08/07/2025;141;394.86;;;;
2;28/05/2026;893;88.89;;;;
2;30/07/2025;387;256.9;;;;
2;15/09/2025;348;189.51;;;;
2;03/09/2024;540;86.87;;;;
2;07/04/2025;322;6.66;;;;
2;06/03/2026;336;1.41;;;;
2;21/10/2024;646;21.01;;;;
2;21/02/2025;490;31.38;;;;
2;31/07/2024;544;1.83;;;;
2;04/11/2024;657;20.2;;;;
2;13/01/2025;751;29.56;;;;
2;08/01/2025;269;142.46;;;;
2;24/04/2025;237;6.55;;;;
2;04/11/2024;655;2.71;;;;
2;22/05/2025;711;1.93;;;;
2;24/09/2025;83;237.08;;;;
2;18/09/2025;168;8.67;;;;
2;24/03/2025;678;71.51;;;;
2;22/05/2026;301;37.55;;;;
2;13/04/2026;701;7.51;;;;
2;17/07/2025;679;23.68;;;;
2;02/07/2024;285;43.75;;;;
2;15/08/2024;276;30.18;;;;
2;13/12/2024;979;25.34;;;;
2;12/03/2025;776;223.58;;;;
2;30/09/2024;623;22.03;;;;
2;14/02/2025;207;281.56;;;;
2;15/07/2025;369;22.54;;;;
2;18/12/2024;815;0.63;;;;
2;09/12/2024;92;200.64;;;;
2;14/11/2024;577;231.96;;;;
2;23/10/2024;451;70.5;;;;
2;03/09/2025;558;7.59;;;;
2;29/10/2024;32;4.72;;;;
2;23/05/2025;23;12.31;;;;
2;19/11/2025;376;34.39;;;;
2;05/11/2024;250;22.21;;;;
2;27/03/2025;972;254.12;;;;
2;23/09/2024;470;1.87;;;;
2;04/11/2025;667;38.13;;;;
2;04/02/2025;174;179.98;;;;
2;07/11/2024;436;1.2;;;;
2;06/04/2026;976;38.92;;;;
2;12/02/2026;298;10.81;;;;
2;04/08/2025;750;78.08;;;;
2;05/02/2026;950;0.72;;;;
2;04/11/2025;520;213.02;;;;
2;19/03/2025;139;38.48;;;;
2;17/09/2024;868;1.16;;;;
2;10/10/2024;172;10.5;;;;
2;05/02/2025;336;7.69;;;;
2;17/10/2024;510;1.78;;;;
2;03/12/2025;956;21.27;;;;
2;20/12/2024;53;19.37;;;;
2;21/11/2025;779;30.68;;;;
2;29/07/2024;100;16.54;;;;
2;13/02/2026;692;87.28;;;;
2;17/12/2024;996;248.57;;;;
2;03/03/2025;160;117.38;;;;
2;20/11/2025;864;0.79;;;;
2;19/12/2024;686;135.16;;;;
2;06/08/2024;537;1.1;;;;
2;15/11/2024;189;27.76;;;;
2;17/02/2025;8;56.07;;;;
2;11/11/2024;172;65.99;;;;
2;10/07/2024;795;17.53;;;;
2;19/09/2024;225;18.48;;;;
2;23/09/2024;475;1.21;;;;
2;18/07/2025;883;52.68;;;;
2;06/05/2026;506;156.26;;;;
2;03/09/2024;815;15.57;;;;
2;17/07/2025;741;13.03;;;;
2;12/08/2025;691;74.31;;;;
2;26/09/2025;94;22.67;;;;
2;21/02/2025;356;13.84;;;;
2;03/10/2024;575;7.35;;;;
2;16/12/2025;211;197.14;;;;
2;27/11/2024;271;15.88;;;;
2;21/04/2025;373;1.39;;;;
2;08/05/2025;287;0.77;;;;
2;22/12/2025;375;11.78;;;;
2;01/06/2026;299;168.55;;;;
2;03/09/2024;648;7.15;;;;
2;04/06/2025;164;4.15;;;;
2;17/12/2025;77;28.98;;;;
2;09/09/2024;442;12.96;;;;
2;03/02/2026;398;17.7;;;;
2;16/09/2025;439;18.49;;;;
2;15/07/2025;192;229.14;;;;
2;21/05/2025;512;0.99;;;;
2;12/02/2025;988;151.1;;;;
2;03/02/2026;891;121.63;;;;
2;06/03/2026;122;7.85;;;;
2;26/01/2026;476;250.64;;;;
2;07/05/2025;471;0.5;;;;
2;20/12/2024;382;7.24;;;;
2;22/08/2025;504;18.08;;;;
2;26/03/2025;53;1239.9;;;;
2;15/10/2025;980;0.94;;;;
2;09/12/2025;41;47.25;;;;
2;16/04/2026;238;466.41;;;;
2;17/07/2024;646;20.82;;;;
2;10/12/2025;445;17.22;;;;
2;04/02/2025;24;260.07;;;;
2;06/06/2025;474;10.58;;;;
2;01/12/2025;180;60.3;;;;
2;31/10/2025;43;9.14;;;;
2;27/04/2026;519;2.52;;;;
2;13/02/2026;707;1.4;;;;
2;10/07/2025;141;0.24;;;;
2;12/06/2025;402;1.59;;;;
2;17/09/2025;626;59.56;;;;
2;16/01/2025;222;14.7;;;;
2;30/09/2025;775;366.11;;;;
2;27/03/2025;903;0.47;;;;
2;14/02/2025;205;68.48;;;;
2;29/10/2025;906;7.94;;;;
2;25/12/2025;644;12.92;;;;
2;10/03/2025;642;11.84;;;;
2;19/11/2024;208;8;;;;
2;03/07/2025;61;215.62;;;;
2;22/01/2025;615;80.09;;;;
2;01/01/2025;181;1.74;;;;
2;22/09/2025;715;9.96;;;;
2;13/05/2026;424;0.75;;;;
2;24/09/2025;537;71.33;;;;
2;14/11/2024;357;105.46;;;;
2;07/07/2025;981;23.32;;;;
2;17/07/2024;726;0.81;;;;
2;23/04/2026;433;345.45;;;;
2;12/02/2025;951;98;;;;
2;16/07/2025;231;229.21;;;;
2;12/07/2024;257;10.07;;;;
2;02/10/2025;11;4.92;;;;
2;17/03/2025;937;0.82;;;;
2;07/04/2025;947;127.72;;;;
2;28/05/2025;438;21.76;;;;
2;12/02/2026;820;215.53;;;;
2;03/09/2025;599;178.12;;;;
2;06/02/2025;236;106.67;;;;
2;02/10/2025;849;286.31;;;;
2;01/08/2024;213;4.26;;;;
2;17/10/2024;561;35.06;;;;
2;07/11/2025;889;23.87;;;;
2;04/02/2025;141;10.62;;;;
2;26/11/2024;801;109.64;;;;
2;22/09/2025;839;31.1;;;;
2;27/04/2026;572;20.26;;;;
2;13/11/2025;292;1.05;;;;
2;04/11/2025;658;6.57;;;;
2;31/03/2026;584;25.13;;;;
2;06/02/2025;916;0.31;;;;
2;06/08/2024;213;16.88;;;;
2;09/04/2025;147;89.2;;;;
2;05/11/2024;291;34.66;;;;
2;06/12/2024;463;6.91;;;;
2;31/10/2024;617;1.75;;;;
2;17/03/2025;739;14.49;;;;
2;22/09/2025;578;35.42;;;;
2;06/11/2024;540;32.82;;;;
2;04/12/2025;947;8.27;;;;
2;30/03/2026;332;269.06;;;;
2;14/05/2026;576;263.76;;;;
2;20/03/2025;124;10.69;;;;
2;19/08/2024;381;14.26;;;;
2;28/11/2024;204;49.89;;;;
2;18/08/2025;490;110.22;;;;
2;29/11/2024;600;7.07;;;;
2;05/06/2026;715;83.48;;;;
2;22/05/2025;409;106.64;;;;
2;10/01/2025;784;53.41;;;;
2;30/04/2026;769;66.94;;;;
2;22/08/2024;287;5.84;;;;
2;12/03/2026;487;25.04;;;;
2;19/05/2026;417;23.02;;;;
2;07/10/2024;521;21.44;;;;
2;06/03/2026;990;9.8;;;;
2;23/08/2024;381;36.79;;;;
2;18/07/2025;593;9.93;;;;
2;02/01/2026;941;5.19;;;;
2;04/07/2025;475;7.15;;;;
2;26/08/2025;247;2.01;;;;
2;29/04/2025;39;274.12;;;;
2;28/04/2026;305;7.71;;;;
2;13/06/2025;106;90.13;;;;
2;17/03/2025;849;129.51;;;;
2;11/05/2026;35;29.15;;;;
2;06/10/2025;667;110.44;;;;
2;11/07/2025;372;5.28;;;;
2;25/02/2025;856;37.95;;;;
2;21/05/2025;613;61.21;;;;
2;28/03/2025;125;7.32;;;;
2;09/10/2024;42;56.5;;;;
2;09/02/2026;139;82.6;;;;
2;20/11/2025;843;2.04;;;;
2;10/12/2024;873;14.34;;;;
2;18/02/2025;292;27.73;;;;
2;03/07/2024;821;10.43;;;;
2;02/12/2024;530;7.51;;;;
2;17/04/2026;853;1.19;;;;
2;13/01/2025;909;2.36;;;;
2;02/06/2025;416;26.4;;;;
2;04/08/2025;226;24.58;;;;
2;01/09/2025;250;34.37;;;;
2;30/10/2024;244;23.81;;;;
2;11/03/2025;187;27.68;;;;
2;04/08/2025;865;19.3;;;;
2;26/06/2025;408;63.07;;;;
2;08/04/2025;60;80.67;;;;
2;20/06/2025;549;11.9;;;;
2;19/02/2025;305;26.25;;;;
2;10/11/2025;830;4.61;;;;
2;03/11/2025;481;27.22;;;;
2;21/04/2025;490;1.34;;;;
2;13/08/2024;555;23.15;;;;
2;01/07/2024;419;31.72;;;;
2;30/07/2025;608;6.76;;;;
2;12/05/2025;749;6.38;;;;
2;30/06/2025;276;123.58;;;;
2;20/05/2026;496;7.35;;;;
2;31/07/2025;670;65.19;;;;
2;21/05/2025;213;1.43;;;;
2;13/01/2025;938;150.43;;;;
2;14/01/2026;744;0.93;;;;
2;27/03/2026;143;187.79;;;;
2;17/03/2026;759;61.4;;;;
2;19/07/2024;615;35.64;;;;
2;16/04/2025;721;5.81;;;;
2;30/06/2025;914;10.18;;;;
2;27/03/2026;112;85.77;;;;
2;29/11/2024;341;21.3;;;;
2;19/08/2025;950;7.53;;;;
2;28/05/2026;869;113.98;;;;
2;02/07/2025;524;21.97;;;;
2;14/05/2026;772;0.26;;;;
2;20/02/2025;678;100.28;;;;
2;26/02/2025;613;24.36;;;;
2;02/02/2026;521;95.62;;;;
2;16/09/2025;600;1.32;;;;
2;29/04/2026;926;71.16;;;;
2;04/10/2024;712;55.25;;;;
2;26/12/2024;987;278.24;;;;
2;04/12/2024;778;74.26;;;;
2;06/01/2025;202;61.98;;;;
2;11/03/2025;846;235.82;;;;
2;12/08/2025;904;132.79;;;;
2;02/06/2025;36;223.13;;;;
2;19/09/2024;345;276.26;;;;
2;09/12/2024;314;40.52;;;;
2;23/09/2024;557;21.27;;;;
2;20/04/2026;460;0.48;;;;
2;23/12/2024;491;146.81;;;;
2;21/08/2025;243;229.11;;;;
2;12/06/2025;711;140.38;;;;
2;07/07/2025;274;243.94;;;;
2;14/01/2026;183;71.84;;;;
2;30/07/2024;497;6.59;;;;
2;29/10/2024;363;7.92;;;;
2;26/02/2026;315;1.27;;;;
2;06/04/2026;217;15.69;;;;
2;12/03/2025;435;67.62;;;;
2;02/03/2026;612;19.94;;;;
2;24/01/2025;127;28.79;;;;
2;30/09/2024;558;175.97;;;;
2;08/10/2024;167;7.12;;;;
2;03/12/2024;731;74.14;;;;
2;17/04/2025;278;31.14;;;;
2;04/06/2026;339;88.55;;;;
2;25/12/2025;578;91.33;;;;
2;04/06/2026;593;35.49;;;;
2;15/08/2025;342;1.21;;;;
2;09/08/2024;814;232.57;;;;
2;19/05/2026;688;4.77;;;;
2;27/11/2025;235;164.98;;;;
2;12/09/2024;982;38.03;;;;
2;25/12/2024;111;76.14;;;;
2;10/04/2025;142;1.31;;;;
2;25/09/2024;713;0.26;;;;
2;05/02/2025;743;32.44;;;;
2;12/06/2025;922;32.48;;;;
2;13/02/2026;614;91.86;;;;
2;26/08/2024;682;35.99;;;;
2;17/06/2025;732;70.01;;;;
2;21/03/2025;747;266.54;;;;
2;24/04/2025;67;169.22;;;;
2;05/05/2026;211;22.19;;;;
2;08/04/2026;455;38.96;;;;
2;11/05/2026;394;73.54;;;;
2;03/12/2024;571;73.11;;;;
2;23/12/2024;556;79.88;;;;
2;01/05/2025;506;10.6;;;;
2;09/04/2025;307;154.63;;;;
2;28/05/2025;159;92.68;;;;
2;26/05/2025;557;15.53;;;;
2;10/07/2025;268;26.52;;;;
2;27/11/2025;613;2.14;;;;
2;31/12/2024;16;1.36;;;;
2;08/04/2026;957;0.88;;;;
2;08/05/2025;2;42.5;;;;
2;11/03/2025;607;25.98;;;;
2;12/06/2025;957;202.81;;;;
2;08/05/2026;853;27.46;;;;
2;16/04/2025;979;61.29;;;;
2;20/01/2025;702;67.44;;;;
2;15/10/2025;248;23.09;;;;
2;09/04/2025;466;1.41;;;;
2;17/02/2025;305;9.39;;;;
2;08/12/2025;166;148.67;;;;
2;18/10/2024;173;109.54;;;;
2;22/11/2024;981;21.87;;;;
2;20/02/2026;498;22.58;;;;
2;03/06/2025;642;28.28;;;;
2;18/09/2024;451;1.3;;;;
2;20/04/2026;199;72.74;;;;
2;26/02/2026;577;11.59;;;;
2;09/12/2025;834;214.7;;;;
2;04/02/2025;532;21.79;;;;
2;23/09/2024;738;19.56;;;;
2;26/09/2024;9;80.63;;;;
2;04/06/2026;654;20.35;;;;
2;09/01/2025;926;0.95;;;;
2;23/05/2025;603;21;;;;
2;12/02/2026;452;37.84;;;;
2;06/08/2024;727;62.32;;;;
2;18/05/2026;240;244.71;;;;
2;28/01/2026;599;99.19;;;;
2;03/02/2026;152;31.21;;;;
2;22/08/2024;539;20.46;;;;
2;21/04/2025;838;1.75;;;;
2;21/07/2025;659;0.98;;;;
2;08/10/2025;600;30.22;;;;
2;19/08/2025;423;46.51;;;;
2;24/09/2025;779;129.16;;;;
2;29/05/2026;641;6.36;;;;
2;17/11/2025;221;1.77;;;;
2;24/02/2026;729;27.48;;;;
2;20/06/2025;148;1.75;;;;
2;11/05/2026;493;38.86;;;;
2;21/02/2025;435;19.76;;;;
2;17/03/2025;223;2.29;;;;
2;28/07/2025;95;28.91;;;;
2;16/06/2025;500;220.84;;;;
2;27/12/2024;81;232.3;;;;
2;17/02/2025;845;124.84;;;;
2;18/09/2024;789;60.65;;;;
2;05/01/2026;954;13.76;;;;
2;17/07/2025;876;2.15;;;;
2;25/08/2025;642;12.32;;;;
2;21/01/2025;573;0.75;;;;
2;23/09/2025;857;25.47;;;;
2;02/04/2025;137;10.51;;;;
2;10/02/2025;28;247.61;;;;
2;09/02/2026;832;215.33;;;;
2;30/04/2025;94;7.94;;;;
2;12/11/2024;549;25.09;;;;
2;13/06/2025;125;141.95;;;;
2;19/08/2024;599;5.71;;;;
2;20/08/2025;45;93.91;;;;
2;16/01/2025;37;0.77;;;;
2;28/01/2026;802;0.73;;;;
2;22/09/2025;9;76.22;;;;
2;10/09/2024;22;1.37;;;;
2;19/05/2026;494;29.73;;;;
2;24/12/2025;205;129.14;;;;
2;26/11/2025;755;259.23;;;;
2;28/02/2025;435;1271.65;;;;
2;12/06/2025;767;5.72;;;;
2;13/08/2025;421;140.21;;;;
2;09/02/2026;66;44.87;;;;
2;17/07/2025;277;225.49;;;;
2;30/05/2025;726;11.55;;;;
2;30/03/2026;975;28.99;;;;
2;13/09/2024;21;7.92;;;;
2;05/01/2026;705;113.39;;;;
2;12/09/2025;646;11.63;;;;
2;04/09/2025;127;215.22;;;;
2;25/04/2025;580;18.81;;;;
2;31/12/2025;798;160.41;;;;
2;24/12/2025;338;23.69;;;;
2;16/09/2025;793;88.81;;;;
2;29/12/2025;500;57.01;;;;
2;07/11/2024;668;168.54;;;;
2;18/07/2025;421;11.08;;;;
2;02/08/2024;236;0.9;;;;
2;26/09/2024;683;19.02;;;;
2;29/04/2026;252;179.21;;;;
2;13/11/2024;81;15.19;;;;
2;25/02/2026;999;34.26;;;;
2;01/11/2024;548;180.07;;;;
2;08/04/2026;675;59.31;;;;
2;11/10/2024;844;1.63;;;;
2;28/08/2025;82;0.28;;;;
2;05/02/2026;319;91.31;;;;
2;14/10/2025;317;56.14;;;;
2;18/12/2025;206;15.64;;;;
2;11/12/2024;861;162.98;;;;
2;29/05/2025;879;2.24;;;;
2;04/12/2025;324;232.18;;;;
2;02/02/2026;428;0.74;;;;
2;07/11/2025;323;12.88;;;;
2;06/01/2026;991;8.16;;;;
2;28/07/2025;256;6.02;;;;
2;02/03/2026;198;2.27;;;;
2;28/03/2025;644;12.89;;;;
2;09/09/2024;804;5.49;;;;
2;12/12/2025;728;14.9;;;;
2;29/05/2025;933;37.49;;;;
2;11/10/2024;886;7.3;;;;
2;18/11/2025;408;7.91;;;;
2;04/12/2025;618;245.93;;;;
2;02/06/2025;66;1.19;;;;
2;24/07/2025;354;25.48;;;;
2;24/04/2025;133;90.12;;;;
2;30/05/2025;992;26.36;;;;
2;20/11/2025;309;31.25;;;;
2;05/11/2024;851;2.38;;;;
2;11/11/2024;92;4.45;;;;
2;06/02/2026;287;19.92;;;;
2;20/11/2024;317;48.18;;;;
2;19/03/2025;368;227.45;;;;
2;05/12/2024;475;212.3;;;;
2;21/01/2026;289;366.6;;;;
2;20/02/2026;797;67.3;;;;
2;15/01/2025;507;4.97;;;;
2;13/08/2024;847;179.42;;;;
2;16/01/2025;266;23.84;;;;
2;11/07/2024;57;4.44;;;;
2;20/01/2026;586;30.09;;;;
2;05/08/2024;940;40.33;;;;
2;30/12/2024;747;4.97;;;;
2;16/12/2024;951;69.55;;;;
2;21/04/2026;878;63.39;;;;
2;19/09/2025;215;180.73;;;;
2;19/12/2025;221;9.21;;;;
2;22/11/2024;405;90.29;;;;
2;14/02/2025;742;1.83;;;;
2;01/07/2024;138;166.5;;;;
2;27/05/2025;179;11.11;;;;
2;04/07/2025;995;225.99;;;;
2;06/05/2026;617;23.84;;;;
2;16/12/2024;416;10.98;;;;
2;21/05/2026;252;20.5;;;;
2;01/04/2025;213;10;;;;
2;08/12/2025;868;7.88;;;;
2;07/05/2026;931;71.01;;;;
2;02/01/2025;481;1.25;;;;
2;27/01/2026;989;0.9;;;;
2;06/04/2026;721;149.39;;;;
2;09/04/2025;215;97.93;;;;
2;06/12/2024;594;12.8;;;;
2;12/09/2025;632;2.28;;;;
2;07/11/2024;488;1.05;;;;
2;16/12/2025;675;56.79;;;;
2;24/01/2025;569;234.59;;;;
2;11/12/2024;628;1478.38;;;;
2;25/11/2025;667;204.92;;;;
2;04/10/2024;135;32.46;;;;
2;20/12/2024;671;228.27;;;;
2;05/05/2026;604;9.22;;;;
2;22/04/2026;181;183.99;;;;
2;16/02/2026;928;11.39;;;;
2;19/03/2026;171;237.51;;;;
2;10/02/2025;48;212.69;;;;
2;17/09/2024;21;20.01;;;;
2;20/04/2026;34;32.39;;;;
2;24/03/2025;986;159.07;;;;
2;17/10/2025;141;164.69;;;;
2;11/05/2026;692;1226.48;;;;
2;17/12/2024;859;14.68;;;;
2;18/05/2026;430;18.25;;;;
2;07/01/2026;885;43.36;;;;
2;25/12/2024;885;5.73;;;;
2;30/09/2025;799;4.49;;;;
2;26/03/2026;320;89.54;;;;
2;25/12/2025;986;12.14;;;;
2;14/11/2025;479;27.17;;;;
2;18/07/2025;862;0.29;;;;
2;25/11/2024;329;103.5;;;;
2;19/03/2025;461;7.41;;;;
2;20/08/2025;546;34.54;;;;
2;17/07/2024;465;3.81;;;;
2;02/03/2026;187;27.74;;;;
2;05/05/2025;103;23.17;;;;
2;05/02/2026;441;35.02;;;;
2;04/07/2024;424;189.97;;;;
2;30/04/2025;289;5.61;;;;
2;13/05/2025;791;174.89;;;;
2;19/11/2025;201;51.51;;;;
2;29/07/2025;238;84.72;;;;
2;10/06/2025;556;49.06;;;;
2;06/03/2025;430;1.64;;;;
2;26/05/2025;125;28.01;;;;
2;03/09/2025;425;4.19;;;;
2;26/03/2026;421;15.66;;;;
2;27/08/2024;516;183.33;;;;
2;25/07/2025;896;283.61;;;;
2;22/09/2025;896;89.19;;;;
2;08/11/2024;833;149.1;;;;
2;06/11/2025;275;6.55;;;;
2;20/03/2025;167;129.87;;;;
2;13/02/2026;697;34.01;;;;
2;12/06/2025;439;9.66;;;;
2;03/12/2025;542;143.84;;;;
2;10/04/2025;813;1.09;;;;
2;19/09/2024;258;82.38;;;;
2;27/08/2025;864;21.13;;;;
2;15/09/2025;516;7.48;;;;
2;29/10/2025;782;22.23;;;;
2;08/07/2025;413;234.96;;;;
2;23/05/2025;87;22.88;;;;
2;13/05/2025;674;81.88;;;;
2;12/03/2025;979;18.92;;;;
2;04/11/2024;223;102.25;;;;
2;10/09/2025;106;0.89;;;;
2;04/07/2024;589;6.92;;;;
2;19/11/2025;808;25.72;;;;
2;24/07/2025;445;18.33;;;;
2;17/12/2025;90;27.73;;;;
2;21/11/2024;659;5.53;;;;
2;13/04/2026;819;2.74;;;;
2;26/08/2025;173;34.25;;;;
2;04/07/2024;817;26.89;;;;
2;13/11/2025;191;104.4;;;;
2;21/05/2026;905;111.8;;;;
2;25/09/2024;761;4.16;;;;
2;12/11/2024;131;280.49;;;;
2;02/09/2025;197;280.77;;;;
2;24/11/2025;734;7.56;;;;
2;05/09/2024;87;35.69;;;;
2;30/01/2026;79;13.63;;;;
2;20/03/2026;683;31.97;;;;
2;06/06/2025;55;19.58;;;;
2;13/02/2026;892;1.07;;;;
2;09/07/2025;26;285.5;;;;
2;25/02/2026;446;5.11;;;;
2;24/04/2026;982;19.99;;;;
2;25/03/2026;94;7.41;;;;
2;12/03/2025;406;22.24;;;;
2;13/01/2026;233;1.12;;;;
2;16/08/2024;504;39.31;;;;
2;13/02/2025;900;0.83;;;;
2;15/04/2026;58;58.28;;;;
2;10/12/2024;295;292.41;;;;
2;22/08/2025;711;254.1;;;;
2;01/11/2024;278;43.47;;;;
2;09/04/2025;562;21.6;;;;
2;19/02/2026;284;10.86;;;;
2;15/12/2025;118;31.26;;;;
2;13/12/2024;831;102.37;;;;
2;09/02/2026;504;17.34;;;;
2;24/09/2024;707;5.07;;;;
2;21/02/2025;259;19.39;;;;
2;28/03/2025;50;175.29;;;;
2;03/03/2026;283;27.48;;;;
2;24/11/2025;550;34.27;;;;
2;26/12/2025;115;278.14;;;;
2;17/02/2026;250;5.96;;;;
2;17/02/2026;731;71.4;;;;
2;18/09/2024;975;0.89;;;;
2;17/12/2024;289;250.07;;;;
2;14/08/2025;43;0.68;;;;
2;21/02/2025;176;189.66;;;;
2;15/07/2025;733;221.7;;;;
2;11/03/2026;158;157.94;;;;
2;07/08/2025;247;19.45;;;;
2;08/05/2026;689;9.95;;;;
2;05/11/2025;522;19.27;;;;
2;13/01/2026;331;63.55;;;;
2;04/03/2025;215;4.91;;;;
2;19/02/2026;75;5.42;;;;
2;29/05/2026;447;0.95;;;;
2;03/06/2026;709;15.81;;;;
2;14/07/2025;960;6.67;;;;
2;08/07/2025;292;1.84;;;;
2;09/04/2025;936;32.8;;;;
2;14/11/2025;76;97.23;;;;
2;19/11/2025;602;4;;;;
2;10/10/2025;16;35.33;;;;
2;17/01/2025;890;0.25;;;;
2;09/02/2026;445;29.95;;;;
2;28/11/2025;336;83.65;;;;
2;20/02/2026;476;13.38;;;;
2;17/11/2025;661;106.71;;;;
2;16/01/2025;396;72.95;;;;
2;24/10/2024;690;36.99;;;;
2;11/02/2025;837;1.03;;;;
2;09/10/2025;72;7.17;;;;
2;15/05/2025;898;7.58;;;;
2;20/05/2026;110;183.84;;;;
2;18/12/2024;738;26.38;;;;
2;30/09/2025;928;29.66;;;;
2;11/05/2026;594;1.39;;;;
2;25/04/2025;378;9.67;;;;
2;14/02/2025;311;0.91;;;;
2;04/09/2025;673;34.57;;;;
2;25/06/2025;753;20.61;;;;
2;20/05/2025;818;156.3;;;;
2;21/10/2025;579;71.81;;;;
2;22/11/2024;821;23.86;;;;
2;04/02/2025;131;0.69;;;;
2;03/09/2024;599;4.97;;;;
2;25/11/2024;696;117.84;;;;
2;10/12/2024;757;79.83;;;;
2;13/03/2026;149;38.66;;;;
2;14/03/2025;416;28.1;;;;
2;04/11/2025;517;18.32;;;;
2;23/01/2025;745;17.89;;;;
2;13/12/2024;81;42.84;;;;
2;29/10/2025;472;62.83;;;;
2;17/04/2025;889;1.38;;;;
2;14/11/2024;90;0.99;;;;
2;24/02/2025;791;1.83;;;;
2;29/07/2024;25;28.07;;;;
2;04/07/2025;710;1.75;;;;
2;01/05/2026;414;77.03;;;;
2;09/01/2025;168;12.01;;;;
2;28/10/2024;17;59.07;;;;
2;12/03/2026;473;127.27;;;;
2;17/09/2024;390;2.19;;;;
2;01/12/2025;337;0.88;;;;
2;10/04/2026;541;11.65;;;;
2;18/12/2025;926;12.56;;;;
2;19/02/2026;26;0.81;;;;
2;21/08/2024;964;77.41;;;;
2;22/08/2024;876;34.37;;;;
2;02/03/2026;486;103.1;;;;
2;14/05/2025;376;23.58;;;;
2;25/03/2026;66;282.25;;;;
2;18/03/2026;811;46.84;;;;
2;07/11/2025;167;2.37;;;;
2;07/04/2025;701;16.99;;;;
2;16/10/2025;881;43.37;;;;
2;11/02/2026;714;0.86;;;;
2;24/04/2026;677;145.12;;;;
2;17/04/2025;265;67.67;;;;
2;04/09/2024;30;6.63;;;;
2;06/06/2025;133;258.7;;;;
2;17/04/2026;569;236.66;;;;
2;27/03/2025;933;118.73;;;;
2;21/04/2025;620;9.15;;;;
2;16/02/2026;274;18.9;;;;
2;08/11/2024;842;12.14;;;;
2;19/03/2025;871;4.16;;;;
2;09/12/2025;526;1.18;;;;
2;03/10/2024;552;27.41;;;;
2;14/04/2026;601;33.75;;;;
2;07/03/2025;905;107.86;;;;
2;25/05/2026;661;6.25;;;;
2;04/03/2026;137;86.97;;;;
2;03/06/2025;883;35.85;;;;
2;16/12/2024;846;278.91;;;;
2;25/02/2026;194;6.45;;;;
2;12/11/2024;251;10.47;;;;
2;27/02/2025;626;21.29;;;;
2;26/09/2025;47;31.3;;;;
2;19/03/2025;323;2.32;;;;
2;26/07/2024;980;223.14;;;;
2;05/09/2024;209;40;;;;
2;28/07/2025;107;2.17;;;;
2;15/10/2025;461;0.82;;;;
2;10/07/2025;694;153.83;;;;
2;14/04/2025;23;456.33;;;;
2;13/10/2025;788;29.78;;;;
2;24/10/2024;200;28.93;;;;
2;13/08/2024;417;224.92;;;;
2;01/06/2026;51;16.51;;;;
2;21/01/2026;875;22.53;;;;
2;21/04/2026;529;8.1;;;;
2;28/11/2025;32;32.7;;;;
2;10/03/2026;562;196.36;;;;
2;28/01/2025;340;10.68;;;;
2;26/11/2024;536;31.99;;;;
2;28/04/2025;485;190.14;;;;
2;18/11/2025;615;0.94;;;;
2;24/11/2025;950;7.37;;;;
2;22/04/2025;921;4.73;;;;
2;04/08/2025;536;63.65;;;;
2;26/11/2024;658;22.15;;;;
2;11/10/2024;821;0.78;;;;
2;21/04/2026;356;65.1;;;;
2;02/04/2025;7;190.72;;;;
2;14/07/2025;529;28.54;;;;
2;24/04/2025;813;1.93;;;;
2;15/07/2024;245;10.47;;;;
2;22/01/2026;721;5.82;;;;
2;14/01/2025;571;2.08;;;;
2;29/08/2024;792;4.99;;;;
2;26/08/2025;657;160.28;;;;
2;22/08/2024;850;193.43;;;;
2;15/01/2025;702;0.28;;;;
2;23/10/2025;945;0.28;;;;
2;05/02/2026;939;0.67;;;;
2;10/12/2025;894;11.85;;;;
2;13/11/2025;951;6.86;;;;
2;29/04/2025;826;139.95;;;;
2;09/06/2025;453;23.67;;;;
2;25/08/2025;849;67.93;;;;
2;22/07/2025;990;20.58;;;;
2;16/12/2025;961;7.21;;;;
2;16/04/2026;539;258.32;;;;
2;15/01/2025;934;42.44;;;;
2;05/11/2024;968;1.14;;;;
2;10/04/2025;10;22.55;;;;
2;05/11/2025;902;94.9;;;;
2;22/07/2025;749;31.62;;;;
2;11/10/2024;305;1.06;;;;
2;12/03/2025;437;75.43;;;;
2;12/01/2026;26;215.18;;;;
2;14/02/2025;532;52.37;;;;
2;06/01/2025;978;37.86;;;;
2;16/12/2025;573;0.78;;;;
2;17/06/2025;98;5.46;;;;
2;16/12/2025;266;28.77;;;;
2;05/08/2025;408;23.36;;;;
2;24/09/2024;427;215.63;;;;
2;11/07/2025;651;1.28;;;;
2;12/06/2025;662;69.43;;;;
2;16/07/2024;380;23.85;;;;
2;20/06/2025;220;69.08;;;;
2;29/05/2025;594;5.72;;;;
2;29/07/2025;851;276.09;;;;
2;27/11/2025;661;0.8;;;;
2;30/01/2025;316;56.38;;;;
2;23/05/2025;597;0.32;;;;
2;03/10/2025;798;10.76;;;;
2;07/03/2025;981;30.15;;;;
2;12/12/2024;1;6.97;;;;
2;23/09/2024;5;4581.23;;;;
2;22/09/2025;841;32.15;;;;
2;28/05/2026;232;35.76;;;;
2;25/07/2025;421;0.86;;;;
2;26/08/2025;398;77.86;;;;
2;22/10/2025;338;29.42;;;;
2;03/04/2026;890;27.31;;;;
2;18/02/2026;897;91.31;;;;
2;26/09/2024;893;296.29;;;;
2;14/02/2025;411;47.93;;;;
2;26/02/2025;595;0.73;;;;
2;03/04/2026;44;35.53;;;;
2;03/11/2025;336;60.88;;;;
2;18/12/2024;52;80.89;;;;
2;25/08/2025;877;271.09;;;;
2;23/04/2026;326;1.01;;;;
2;13/02/2026;82;6.86;;;;
2;23/08/2024;539;15.26;;;;
2;18/07/2025;442;66.59;;;;
2;23/01/2026;881;16.74;;;;
2;06/02/2026;985;6.28;;;;
2;25/07/2025;365;10.12;;;;
2;29/07/2025;223;8.3;;;;
2;24/11/2025;519;16.33;;;;
2;10/11/2025;204;79.1;;;;
2;19/11/2025;801;76.94;;;;
2;06/03/2025;488;22.99;;;;
2;04/12/2025;997;49.47;;;;
2;25/12/2024;314;172.01;;;;
2;22/08/2025;955;59.09;;;;
2;14/02/2025;794;1.63;;;;
2;20/03/2026;523;2.33;;;;
2;12/09/2025;637;7;;;;
2;17/09/2025;595;23.74;;;;
2;22/09/2025;329;1.11;;;;
2;04/03/2025;159;24.98;;;;
2;28/04/2025;44;31.98;;;;
2;18/10/2024;531;228.65;;;;
2;21/08/2024;922;127.48;;;;
2;16/01/2026;184;125.99;;;;
2;30/07/2024;803;190.82;;;;
2;26/05/2025;259;22.05;;;;
2;19/08/2025;959;8.43;;;;
2;27/10/2025;159;14.26;;;;
2;29/12/2025;673;237.75;;;;
2;13/06/2025;995;28.6;;;;
2;08/10/2024;148;30.64;;;;
2;13/08/2024;350;77.32;;;;
2;02/01/2026;891;38.64;;;;
2;11/12/2024;936;31.98;;;;
2;05/05/2025;444;18.69;;;;
2;02/02/2026;144;200.22;;;;
2;02/01/2026;26;78.39;;;;
2;13/03/2026;683;208.17;;;;
2;02/12/2025;46;1.36;;;;
2;20/01/2025;182;54.72;;;;
2;18/05/2026;940;41.56;;;;
2;07/05/2026;495;42.42;;;;
2;27/09/2024;455;1.82;;;;
2;23/12/2025;942;17.68;;;;
2;09/09/2025;917;0.66;;;;
2;27/01/2025;375;1.68;;;;
2;15/10/2025;330;161.85;;;;
2;15/07/2025;712;1.48;;;;
2;24/02/2025;938;1.32;;;;
2;24/12/2024;146;38.23;;;;
2;15/12/2025;186;24.29;;;;
2;11/07/2025;515;5.3;;;;
2;26/09/2024;953;22.23;;;;
2;18/05/2026;15;22.57;;;;
2;31/03/2026;127;36.82;;;;
2;23/10/2024;708;33.08;;;;
2;07/04/2025;660;22.5;;;;
2;29/08/2024;843;4.47;;;;
2;05/09/2025;853;122.82;;;;
2;12/08/2024;74;26.01;;;;
2;04/12/2024;87;42.68;;;;
2;04/05/2026;303;10.29;;;;
2;10/07/2025;725;91.94;;;;
2;12/05/2026;282;19.55;;;;
2;10/06/2025;623;79.72;;;;
2;10/09/2025;426;62.94;;;;
2;19/08/2024;649;7.1;;;;
2;28/02/2025;827;27.91;;;;
2;09/12/2024;60;15.12;;;;
2;30/03/2026;664;82.99;;;;
2;21/02/2025;147;4.95;;;;
2;04/12/2024;200;22.97;;;;
2;03/04/2025;817;10.81;;;;
2;21/10/2024;236;41.67;;;;
2;14/05/2026;743;7.8;;;;
2;16/09/2024;72;363.6;;;;
2;23/02/2026;976;247.76;;;;
2;14/03/2025;770;8.56;;;;
2;31/03/2025;407;18.52;;;;
2;04/06/2026;993;70.24;;;;
2;05/06/2026;501;22.5;;;;
2;29/09/2025;852;0.96;;;;
2;10/04/2025;432;12.89;;;;
2;18/12/2024;798;4.97;;;;
2;02/01/2026;184;22.81;;;;
2;02/10/2024;772;21.88;;;;
2;16/07/2025;656;32.58;;;;
2;13/04/2026;224;6.11;;;;
2;22/11/2024;762;27.99;;;;
2;02/07/2025;650;37.88;;;;
2;12/02/2026;929;1.53;;;;
2;02/09/2024;274;88.99;;;;
2;29/09/2025;835;1.39;;;;
2;14/10/2024;829;73.59;;;;
2;27/06/2025;739;0.72;;;;
2;13/05/2025;944;6.54;;;;
2;04/03/2026;483;9.05;;;;
2;05/03/2025;666;1.08;;;;
2;31/03/2025;621;12.8;;;;
2;08/01/2025;183;27.55;;;;
2;12/06/2025;9;19.82;;;;
2;07/02/2025;768;254.63;;;;
2;28/08/2025;798;10.98;;;;
2;11/12/2025;594;278.02;;;;
2;07/07/2025;478;1.27;;;;
2;28/10/2025;174;55.95;;;;
2;15/04/2025;763;14.58;;;;
2;07/05/2026;671;258.6;;;;
2;09/04/2026;558;24.74;;;;
2;23/10/2024;898;93.22;;;;
2;27/05/2025;292;255.46;;;;
2;12/11/2025;843;26.63;;;;
2;08/12/2025;494;118.6;;;;
2;01/10/2024;537;0.94;;;;
2;30/08/2024;853;26.06;;;;
2;03/09/2024;388;14.99;;;;
2;09/10/2024;865;2.73;;;;
2;12/08/2024;387;10.55;;;;
2;19/02/2025;632;32.16;;;;
2;10/07/2025;793;5.23;;;;
2;07/10/2024;236;21.93;;;;
2;25/11/2024;639;13.41;;;;
2;17/04/2026;962;293.21;;;;
2;25/10/2024;623;501.5;;;;
2;27/03/2026;294;179.24;;;;
2;02/09/2024;57;91.49;;;;
2;01/04/2025;271;8.09;;;;
2;26/05/2025;754;14.12;;;;
2;02/12/2025;38;22.39;;;;
2;07/11/2024;342;89.47;;;;
2;30/12/2024;128;0.69;;;;
2;06/10/2025;286;32.25;;;;
2;10/11/2025;159;13.79;;;;
2;14/11/2025;393;1447.38;;;;
2;22/08/2025;446;40.79;;;;
2;20/03/2026;394;19.17;;;;
2;28/11/2025;288;28.45;;;;
2;22/05/2026;337;12.06;;;;
2;06/02/2025;46;68.23;;;;
2;05/11/2024;305;169.63;;;;
2;14/08/2025;926;11.32;;;;
2;26/05/2026;935;91.64;;;;
2;14/10/2025;464;40.75;;;;
2;23/07/2024;464;23.49;;;;
2;28/08/2025;911;256.66;;;;
2;24/01/2025;276;8.26;;;;
2;10/07/2025;63;142.42;;;;
2;11/09/2025;739;59.57;;;;
2;28/04/2026;607;124.28;;;;
2;02/12/2024;277;26.76;;;;
2;27/12/2024;558;17.08;;;;
2;04/09/2025;784;21.4;;;;
2;28/11/2024;469;28.06;;;;
2;30/01/2026;763;31.07;;;;
2;28/05/2025;255;12.98;;;;
2;28/05/2026;965;17.8;;;;
2;28/10/2024;121;62.37;;;;
2;23/04/2025;48;51.1;;;;
2;20/04/2026;238;221.16;;;;
2;09/04/2026;198;0.82;;;;
2;18/03/2026;778;78.84;;;;
2;14/01/2026;615;98.81;;;;
2;27/03/2025;323;258.7;;;;
2;31/10/2024;196;0.79;;;;
2;28/05/2025;827;210.29;;;;
2;04/08/2025;518;148.73;;;;
2;14/01/2025;244;48.78;;;;
2;23/06/2025;242;16.22;;;;
2;04/09/2025;121;127.15;;;;
2;10/06/2025;353;25.99;;;;
2;17/03/2025;335;311.16;;;;
2;29/07/2024;677;2.75;;;;
2;12/05/2026;546;11.39;;;;
2;08/08/2025;751;15.47;;;;
2;27/08/2024;819;189.28;;;;
2;15/07/2025;926;1.89;;;;
2;10/12/2024;675;38.14;;;;
2;12/12/2025;950;291.1;;;;
2;12/09/2025;673;205.17;;;;
2;08/09/2025;159;29.21;;;;
2;02/04/2025;360;5.53;;;;
2;26/12/2024;103;253.67;;;;
2;02/08/2024;341;11.64;;;;
2;11/10/2024;846;117.21;;;;
2;04/07/2024;923;230.52;;;;
2;13/02/2026;709;193.31;;;;
2;19/01/2026;639;8.24;;;;
2;29/01/2026;161;124.07;;;;
2;26/06/2025;941;14.93;;;;
2;25/11/2024;21;20.63;;;;
2;10/11/2025;973;41.31;;;;
2;11/09/2025;89;44.72;;;;
2;12/09/2025;597;27.42;;;;
2;04/07/2024;756;63.31;;;;
2;19/05/2026;353;211.39;;;;
2;03/01/2025;234;4709.4;;;;
2;29/07/2024;476;12.67;;;;
2;16/09/2024;82;36.79;;;;
2;20/03/2025;702;188.08;;;;
2;02/06/2026;981;1.17;;;;
2;11/02/2025;80;17.59;;;;
2;18/11/2025;197;6.36;;;;
2;19/03/2025;618;22.33;;;;
2;14/08/2025;182;18.08;;;;
2;01/10/2025;127;225.23;;;;
2;11/07/2024;98;6.79;;;;
2;06/09/2024;702;7.24;;;;
2;17/09/2024;649;27.45;;;;
2;19/03/2026;10;232.13;;;;
2;18/12/2024;782;23.31;;;;
2;19/08/2024;820;1.12;;;;
2;25/07/2025;865;7.62;;;;
2;16/09/2024;89;32.36;;;;
2;27/08/2025;449;280.34;;;;
2;18/09/2025;169;9.88;;;;
2;23/04/2026;173;22.6;;;;
2;06/08/2024;111;0.55;;;;
2;15/10/2025;347;31.62;;;;
2;07/08/2025;200;14.47;;;;
2;02/07/2025;61;1.15;;;;
2;06/03/2025;493;42.97;;;;
2;25/12/2025;253;5.35;;;;
2;13/06/2025;728;192.84;;;;
2;28/10/2025;476;135.07;;;;
2;10/02/2026;592;17.31;;;;
2;07/10/2025;883;1.48;;;;
2;13/08/2024;800;30.98;;;;
2;17/07/2025;505;85.03;;;;
2;26/05/2025;4;28.27;;;;
2;04/06/2025;404;0.84;;;;
2;09/10/2024;114;8.76;;;;
2;25/12/2025;966;144.83;;;;
2;03/12/2024;836;0.69;;;;
2;03/12/2024;946;62.25;;;;
2;20/05/2026;623;1.49;;;;
2;26/01/2026;9;12.96;;;;
2;24/10/2024;515;17.58;;;;
2;13/09/2024;149;2.76;;;;
2;12/05/2025;396;10.39;;;;
2;17/09/2024;507;17.79;;;;
2;16/09/2024;932;236.42;;;;
2;22/08/2025;154;30.68;;;;
2;26/03/2025;692;151.36;;;;
2;12/09/2024;47;102.19;;;;
2;07/01/2025;189;5.86;;;;
2;24/10/2025;173;126.29;;;;
2;01/07/2024;948;142.68;;;;
2;03/04/2026;596;30.32;;;;
2;21/01/2025;762;275.98;;;;
2;13/09/2024;765;137.76;;;;
2;23/04/2026;565;170.93;;;;
2;06/11/2025;444;7.81;;;;
2;29/05/2026;90;40.5;;;;
2;15/07/2025;144;6.12;;;;
2;15/05/2025;561;177.96;;;;
2;14/04/2025;133;25.96;;;;
2;26/01/2026;584;2.27;;;;
2;22/05/2026;332;8.1;;;;
2;03/12/2024;266;29.65;;;;
2;02/12/2024;887;78.76;;;;
2;12/05/2025;871;144.99;;;;
2;06/03/2025;696;100.57;;;;
2;21/08/2025;627;28.94;;;;
2;23/07/2024;426;37.88;;;;
2;02/02/2026;706;1.86;;;;
2;15/10/2025;114;4.75;;;;
2;18/08/2025;340;116.01;;;;
2;16/07/2025;304;162.01;;;;
2;09/10/2025;442;87.29;;;;
2;26/05/2025;13;1.24;;;;
2;04/11/2025;734;177.92;;;;
2;02/06/2025;766;84.07;;;;
2;16/08/2024;116;7.5;;;;
2;17/02/2026;679;16.8;;;;
2;03/07/2025;15;1.65;;;;
2;27/03/2026;705;14.33;;;;
2;22/10/2024;375;12.05;;;;
2;01/05/2026;430;189.53;;;;
2;17/12/2025;56;1.06;;;;
2;16/04/2026;18;0.91;;;;
2;11/05/2026;417;5.89;;;;
2;28/11/2024;173;29.25;;;;
2;13/05/2026;158;1246.27;;;;
2;08/10/2024;868;27.69;;;;
2;02/12/2024;449;148.1;;;;
2;24/06/2025;933;7.14;;;;
2;06/08/2024;593;52.21;;;;
2;01/10/2024;932;91.91;;;;
2;12/07/2024;631;69.7;;;;
2;15/07/2024;953;1.77;;;;
2;24/09/2025;160;1.14;;;;
2;28/07/2025;1000;0.59;;;;
2;07/04/2026;802;29.27;;;;
2;25/10/2024;676;23.59;;;;
2;16/12/2024;932;20.12;;;;
2;04/10/2024;48;13.31;;;;
2;03/12/2024;828;126.4;;;;
2;15/09/2025;8;1.08;;;;
2;04/11/2024;56;3.95;;;;
2;26/02/2026;36;5.47;;;;
2;27/11/2025;969;10.82;;;;
2;13/08/2025;103;61.51;;;;
2;23/01/2025;1;5.87;;;;
2;05/09/2024;461;0.77;;;;
2;22/07/2025;434;1.06;;;;
2;14/07/2025;898;11.57;;;;
2;17/10/2025;484;167.2;;;;
2;26/08/2025;725;22.65;;;;
2;15/07/2024;266;25.98;;;;
2;24/07/2025;135;0.86;;;;
2;25/03/2026;427;1.23;;;;
2;25/11/2025;716;15.55;;;;
2;16/09/2025;925;34.19;;;;
2;05/07/2024;550;37.89;;;;
2;13/02/2025;544;80.85;;;;
2;18/03/2025;361;18.54;;;;
2;21/05/2025;562;2.06;;;;
2;11/12/2025;524;34.97;;;;
2;23/09/2024;428;15.02;;;;
2;03/09/2024;701;14.45;;;;
2;31/07/2025;817;109.33;;;;
2;22/10/2024;752;85.69;;;;
2;21/04/2025;944;64.58;;;;
2;01/07/2024;601;11.23;;;;
2;11/11/2025;611;67.6;;;;
2;30/07/2025;69;19.55;;;;
2;29/08/2025;103;5.02;;;;
2;28/07/2025;672;1.76;;;;
2;22/12/2025;375;1.47;;;;
2;26/08/2025;947;1.3;;;;
2;21/07/2025;935;4.45;;;;
2;29/01/2025;471;175.93;;;;
2;20/03/2026;619;7.48;;;;
2;28/01/2026;339;4.36;;;;
2;04/06/2025;628;0.42;;;;
2;14/04/2025;500;94.01;;;;
2;30/06/2025;640;59.53;;;;
2;10/09/2024;257;0.98;;;;
2;30/10/2024;79;71.74;;;;
2;18/05/2026;469;6.46;;;;
2;11/11/2024;564;1.86;;;;
2;30/06/2025;769;27.62;;;;
2;17/02/2025;610;28.65;;;;
2;31/10/2025;787;7.23;;;;
2;12/08/2025;658;28.45;;;;
2;18/12/2024;490;27.66;;;;
2;28/08/2025;626;92.62;;;;
2;19/09/2025;507;9.86;;;;
2;04/11/2025;253;225.98;;;;
2;04/06/2026;354;35.26;;;;
2;28/01/2025;796;69.12;;;;
2;02/04/2026;751;22.75;;;;
2;29/01/2025;874;19.42;;;;
2;08/08/2024;618;40.67;;;;
2;27/01/2026;344;11.34;;;;
2;03/07/2024;922;0.64;;;;
2;23/04/2025;422;55.27;;;;
2;12/12/2024;772;20.96;;;;
2;03/10/2024;37;44.34;;;;
2;06/01/2026;672;0.47;;;;
2;26/09/2024;621;4.96;;;;
2;11/12/2025;75;26.66;;;;
2;10/07/2025;839;125.98;;;;
2;05/02/2026;788;8.15;;;;
2;14/07/2025;546;286.9;;;;
2;28/11/2025;216;69.5;;;;
2;02/07/2024;431;5.98;;;;
2;24/10/2024;838;40.88;;;;
2;04/02/2026;715;1.18;;;;
2;01/12/2025;476;1.16;;;;
2;22/05/2026;358;5.16;;;;
2;20/03/2026;763;76.16;;;;
2;11/04/2025;659;30.26;;;;
2;10/10/2025;899;7.26;;;;
2;04/10/2024;758;221.43;;;;
2;20/03/2025;15;21.03;;;;
2;12/03/2025;601;33.4;;;;
2;30/10/2024;781;9.45;;;;
2;29/05/2025;902;6.35;;;;
2;20/03/2026;837;89.95;;;;
2;23/09/2024;594;12.46;;;;
2;25/09/2024;38;20.49;;;;
2;20/02/2026;672;21.91;;;;
2;05/03/2026;301;9.1;;;;
2;07/08/2025;335;83.21;;;;
2;09/10/2024;995;294.81;;;;
2;29/05/2026;882;77.11;;;;
2;12/08/2025;596;30.54;;;;
2;18/11/2025;543;20.4;;;;
2;26/12/2025;204;17.45;;;;
2;04/07/2024;43;1.53;;;;
2;30/04/2025;628;1.97;;;;
2;14/11/2025;433;61.6;;;;
2;09/09/2025;976;25.05;;;;
2;30/12/2025;605;187.43;;;;
2;14/08/2025;441;246.81;;;;
2;23/06/2025;769;0.77;;;;
2;04/11/2025;214;200.99;;;;
2;12/05/2025;728;8.67;;;;
2;20/04/2026;341;8.28;;;;
2;30/10/2024;210;27.14;;;;
2;20/10/2025;625;226.06;;;;
2;09/02/2026;137;88.96;;;;
2;12/03/2026;22;8.42;;;;
2;16/12/2025;861;258.66;;;;
2;06/06/2025;944;103.53;;;;
2;10/12/2025;748;27.13;;;;
2;21/11/2025;685;177.88;;;;
2;25/12/2025;757;225.86;;;;
2;23/12/2024;309;106.13;;;;
2;17/09/2025;162;10.57;;;;
2;28/10/2025;468;13.18;;;;
2;14/11/2025;288;178.17;;;;
2;19/12/2024;879;56.11;;;;
2;25/10/2024;551;12.25;;;;
2;13/09/2024;874;13.57;;;;
2;21/05/2026;288;14.98;;;;
2;01/09/2025;224;2.2;;;;
2;13/11/2024;930;1.29;;;;
2;03/10/2024;122;105.26;;;;
2;17/10/2024;908;32.7;;;;
2;14/05/2026;115;34.74;;;;
2;04/11/2024;673;198.82;;;;
2;20/03/2026;531;1.9;;;;
2;21/10/2025;42;0.45;;;;
2;27/03/2026;508;1.9;;;;
2;19/05/2025;588;8.13;;;;
2;18/11/2024;759;42.94;;;;
2;03/03/2026;575;0.31;;;;
2;29/07/2025;862;19.56;;;;
2;30/08/2024;64;209.51;;;;
2;22/04/2026;295;3993.19;;;;
2;01/05/2026;742;27.47;;;;
2;17/04/2025;51;44.37;;;;
2;24/02/2026;515;43.93;;;;
2;11/05/2026;631;23.11;;;;
2;28/01/2026;340;2.27;;;;
2;23/04/2026;732;194.02;;;;
2;21/02/2025;342;5.22;;;;
2;08/04/2026;864;1.87;;;;
2;20/09/2024;966;30.04;;;;
2;01/11/2024;491;286.69;;;;
2;09/09/2025;675;34.03;;;;
2;14/04/2026;569;10.23;;;;
2;10/07/2024;124;2.8;;;;
2;28/10/2025;482;12.83;;;;
2;26/11/2024;76;97.94;;;;
2;29/08/2025;598;1598.11;;;;
2;02/01/2025;880;27.94;;;;
2;19/03/2026;871;197.76;;;;
2;18/04/2025;17;275.63;;;;
2;04/12/2025;920;25.1;;;;
2;15/07/2025;227;0.82;;;;
2;19/09/2024;762;17.24;;;;
2;04/08/2025;662;22.8;;;;
2;24/09/2025;289;55.39;;;;
2;29/09/2025;182;25.46;;;;
2;04/10/2024;227;35.44;;;;
2;18/11/2024;849;69.57;;;;
2;04/09/2025;564;172.86;;;;
2;03/02/2025;181;0.84;;;;
2;25/09/2024;271;75.2;;;;
2;01/07/2024;144;29.35;;;;
2;29/10/2025;901;100.12;;;;
2;04/12/2024;529;0.91;;;;
2;23/12/2024;301;254.78;;;;
2;08/07/2024;936;0.94;;;;
2;29/10/2025;976;32.19;;;;
2;13/06/2025;282;100.07;;;;
2;16/12/2025;920;1.86;;;;
2;08/09/2025;914;7.03;;;;
2;06/09/2024;462;88.52;;;;
2;18/07/2024;823;31.54;;;;
2;22/05/2026;133;22.19;;;;
2;02/01/2026;753;80.48;;;;
2;16/03/2026;440;1.31;;;;
2;18/12/2024;703;21.96;;;;
2;23/12/2024;635;345.62;;;;
2;26/03/2025;623;141.55;;;;
2;31/07/2024;279;19.63;;;;
2;25/02/2025;433;281.88;;;;
2;26/01/2026;312;221.7;;;;
2;03/02/2025;471;85.85;;;;
2;27/11/2024;867;77.97;;;;
2;02/10/2025;481;14.33;;;;
2;03/02/2025;506;131.23;;;;
2;30/07/2024;3;172.27;;;;
2;04/08/2025;905;74.6;;;;
2;04/03/2026;262;22.98;;;;
2;04/07/2025;823;28.78;;;;
2;25/12/2024;849;41.48;;;;
2;03/07/2024;445;28.53;;;;
2;01/11/2024;65;4253.51;;;;
2;23/12/2024;946;21.63;;;;
2;13/10/2025;189;64.21;;;;
2;29/09/2025;993;1.65;;;;
2;26/03/2025;911;33.83;;;;
2;19/01/2026;7;0.58;;;;
2;19/02/2025;336;70.59;;;;
2;18/04/2025;956;10.35;;;;
2;21/05/2025;237;17.89;;;;
2;20/03/2025;322;67.21;;;;
2;27/08/2024;158;1.28;;;;
2;31/01/2025;433;1.3;;;;
2;12/03/2026;537;20.53;;;;
2;13/04/2026;258;44.95;;;;
2;16/12/2025;16;260.75;;;;
2;08/10/2024;236;151.74;;;;
2;07/11/2024;275;1.46;;;;
2;12/06/2025;651;212.61;;;;
2;27/05/2025;911;247.06;;;;
2;07/11/2024;499;31.45;;;;
2;20/05/2025;318;17.95;;;;
2;27/08/2024;728;8.76;;;;
2;09/01/2026;76;32.62;;;;
2;12/03/2025;599;187.73;;;;
2;28/01/2025;773;211.86;;;;
2;06/12/2024;982;265.29;;;;
2;30/06/2025;307;67.67;;;;
2;01/10/2025;1000;19.99;;;;
2;18/02/2026;790;1.34;;;;
2;10/02/2025;697;117.87;;;;
2;07/08/2025;190;4.92;;;;
2;02/10/2025;244;240.83;;;;
2;17/03/2026;592;53.65;;;;
2;04/10/2024;948;0.7;;;;
2;17/04/2026;862;80.72;;;;
2;27/03/2025;525;13.14;;;;
2;10/10/2024;902;0.79;;;;
2;20/05/2025;379;22.26;;;;
2;11/07/2024;175;57.09;;;;
2;02/04/2026;650;8.03;;;;
2;04/02/2026;493;1.6;;;;
2;03/04/2025;562;1.33;;;;
2;04/10/2024;374;40.15;;;;
2;24/09/2024;70;17.15;;;;
2;15/09/2025;222;1283.93;;;;
2;05/11/2024;350;4863.72;;;;
2;05/07/2024;163;84.51;;;;
2;06/02/2026;59;0.73;;;;
2;26/02/2025;813;12.17;;;;
2;31/12/2025;636;15.34;;;;
2;04/12/2024;820;82.34;;;;
2;02/10/2024;983;15.17;;;;
2;11/02/2025;91;185.12;;;;
2;26/07/2024;169;142.97;;;;
2;24/10/2024;710;93.11;;;;
2;27/09/2024;668;146.3;;;;
2;23/06/2025;961;107.47;;;;
2;07/11/2024;11;17.47;;;;
2;17/12/2025;257;210.95;;;;
2;17/09/2024;347;27.77;;;;
2;11/12/2025;250;2.35;;;;
2;21/08/2024;438;184.69;;;;
2;05/09/2024;379;29.3;;;;
2;17/07/2024;964;0.93;;;;
2;27/01/2025;259;27.25;;;;
2;22/09/2025;934;38.58;;;;
2;17/02/2026;40;75.01;;;;
2;04/03/2026;329;163.55;;;;
2;27/06/2025;834;124.47;;;;
2;01/10/2024;668;29.37;;;;
2;21/11/2024;978;57.97;;;;
2;11/12/2025;430;65.23;;;;
2;20/03/2026;361;20.82;;;;
2;07/11/2024;532;1.25;;;;
2;30/03/2026;254;74.38;;;;
2;18/06/2025;377;247.51;;;;
2;28/04/2025;605;57.34;;;;
2;22/05/2026;330;30.8;;;;
2;28/08/2024;728;1.38;;;;
2;08/07/2025;847;34.34;;;;
2;19/12/2024;101;1.75;;;;
2;09/09/2025;247;70.2;;;;
2;25/09/2024;162;68.96;;;;
2;14/03/2025;854;224.68;;;;
2;15/09/2025;393;26.42;;;;
2;04/04/2025;983;6.81;;;;
2;30/03/2026;685;93.17;;;;
2;14/04/2025;342;66.27;;;;
2;11/11/2024;703;254.54;;;;
2;02/08/2024;855;61.67;;;;
2;29/01/2026;673;22.31;;;;
2;20/12/2024;404;6.68;;;;
2;15/10/2025;752;28.14;;;;
2;13/09/2024;695;2.12;;;;
2;26/05/2025;271;185.74;;;;
2;06/04/2026;374;137.19;;;;
2;04/05/2026;75;286.44;;;;
2;01/10/2025;969;283.05;;;;
2;21/11/2024;58;72.84;;;;
2;08/04/2025;922;4.39;;;;
2;25/09/2025;815;67.61;;;;
2;03/09/2024;937;149.62;;;;
2;06/10/2025;508;23.47;;;;
2;17/09/2025;356;15.23;;;;
2;06/02/2025;460;6.35;;;;
2;09/02/2026;871;21.75;;;;
2;02/01/2026;457;130.18;;;;
2;22/05/2025;140;55.68;;;;
2;05/12/2024;501;22.61;;;;
2;27/03/2026;694;39.31;;;;
2;02/09/2024;528;0.42;;;;
2;21/08/2024;474;7.36;;;;
2;01/01/2026;390;7.24;;;;
2;01/08/2025;933;1395.55;;;;
2;18/12/2024;781;45.14;;;;
2;18/03/2025;277;26.44;;;;
2;01/04/2026;382;80.45;;;;
2;09/12/2025;594;12.11;;;;
2;15/05/2026;38;30.06;;;;
2;11/07/2025;834;1.1;;;;
2;06/11/2025;928;9.24;;;;
2;11/07/2025;222;268.92;;;;
2;11/06/2025;389;33.93;;;;
2;07/08/2025;417;85.49;;;;
2;24/07/2024;422;119.05;;;;
2;30/04/2025;927;0.46;;;;
2;03/06/2026;689;124.51;;;;
2;21/04/2025;986;28.33;;;;
2;28/08/2024;50;54.52;;;;
2;08/10/2025;786;250.82;;;;
2;18/12/2024;551;210.65;;;;
2;10/11/2025;863;0.75;;;;
2;03/03/2026;864;14.78;;;;
2;08/10/2024;684;1.12;;;;
2;14/02/2025;358;30.48;;;;
2;05/11/2025;607;136.2;;;;
2;10/03/2025;142;18.62;;;;
2;10/03/2025;551;1.25;;;;
2;01/05/2026;466;256.21;;;;
2;23/12/2024;790;230.13;;;;
2;26/11/2025;298;7.05;;;;
2;16/04/2026;502;127.19;;;;
2;30/10/2024;278;1.89;;;;
2;20/02/2026;670;27.61;;;;
2;20/05/2025;311;1.18;;;;
2;02/10/2024;11;4.51;;;;
2;23/01/2025;542;38.14;;;;
2;20/11/2024;723;1;;;;
2;25/11/2025;494;63.26;;;;
2;11/12/2024;407;0.99;;;;
2;23/09/2024;629;1.76;;;;
2;18/06/2025;80;157.98;;;;
2;04/04/2025;902;9.49;;;;
2;13/08/2024;34;32.64;;;;
2;30/01/2026;122;218.52;;;;
2;22/05/2026;818;1.33;;;;
2;29/08/2024;113;232.11;;;;
2;30/12/2024;673;25.62;;;;
2;08/08/2025;652;55.82;;;;
2;11/12/2024;542;21.28;;;;
2;08/01/2026;287;204.3;;;;
2;26/02/2026;792;200.09;;;;
2;16/09/2025;894;235.6;;;;
2;27/11/2024;698;0.76;;;;
2;09/09/2025;821;5.36;;;;
2;20/10/2025;384;436.24;;;;
2;09/07/2024;781;1.24;;;;
2;16/05/2025;660;20.76;;;;
2;24/11/2025;63;27.55;;;;
2;15/04/2025;820;39.03;;;;
2;01/10/2024;614;25.71;;;;
2;27/03/2025;887;84.91;;;;
2;02/08/2024;252;46.31;;;;
2;01/08/2025;834;12.07;;;;
2;06/02/2026;960;53.03;;;;
2;09/03/2026;772;20.45;;;;
2;17/07/2025;936;38.75;;;;
2;27/08/2024;494;74.95;;;;
2;28/08/2024;429;33.49;;;;
2;30/03/2026;119;180.36;;;;
2;10/03/2025;374;133.95;;;;
2;25/10/2024;241;209.07;;;;
2;11/11/2024;743;22.35;;;;
2;15/10/2024;407;1.62;;;;
2;26/09/2024;737;0.97;;;;
2;07/04/2025;546;6.81;;;;
2;17/12/2025;953;27;;;;
2;21/11/2024;813;5.19;;;;
2;19/11/2025;809;70.35;;;;
2;24/02/2025;782;20.96;;;;
2;03/10/2025;785;225.35;;;;
2;22/08/2025;852;26.21;;;;
2;17/11/2025;992;18.36;;;;
2;30/12/2024;615;99.03;;;;
2;10/07/2025;731;1.7;;;;
2;31/07/2024;961;0.87;;;;
2;02/02/2026;13;27.37;;;;
2;27/03/2025;396;13.68;;;;
2;05/12/2024;303;103.47;;;;
2;02/05/2025;412;53.36;;;;
2;27/11/2025;724;0.79;;;;
2;14/07/2025;115;5.99;;;;
2;16/01/2026;220;1.58;;;;
2;30/07/2025;746;146.33;;;;
2;05/09/2024;661;14.5;;;;
2;26/12/2025;420;42.68;;;;
2;12/09/2024;541;0.83;;;;
2;04/11/2025;40;7.3;;;;
2;17/07/2025;37;0.27;;;;
2;05/05/2026;889;6.49;;;;
2;20/05/2026;738;193.39;;;;
2;11/06/2025;966;81.56;;;;
2;05/03/2026;271;85.71;;;;
2;19/12/2024;41;0.84;;;;
2;11/07/2025;618;14.64;;;;
2;25/11/2025;714;7.57;;;;
2;08/01/2025;478;10.21;;;;
2;28/10/2025;382;37.26;;;;
2;20/06/2025;637;32.73;;;;
2;26/03/2026;529;90.49;;;;
2;12/01/2026;683;11.34;;;;
2;13/12/2024;790;17.64;;;;
2;13/12/2024;33;161.97;;;;
2;13/08/2025;563;7.6;;;;
2;30/01/2026;250;5.75;;;;
2;30/01/2026;320;0.86;;;;
2;01/08/2025;476;1.59;;;;
2;21/05/2026;272;11.95;;;;
2;10/12/2025;748;11.57;;;;
2;07/04/2025;450;17.64;;;;
2;01/05/2025;3;52.5;;;;
2;16/07/2024;476;12.1;;;;
2;21/08/2024;401;5.77;;;;
2;24/02/2025;357;1.11;;;;
2;13/06/2025;919;121.05;;;;
2;16/12/2025;571;12.49;;;;
2;23/06/2025;963;214.66;;;;
2;22/04/2026;737;6.81;;;;
2;28/07/2025;341;28.47;;;;
2;19/09/2025;845;23.69;;;;
2;11/12/2025;363;33.88;;;;
2;09/01/2025;731;23.69;;;;
2;01/01/2025;385;33.47;;;;
2;25/08/2025;287;14.02;;;;
2;25/07/2025;98;9.48;;;;
2;22/05/2025;868;27.24;;;;
2;25/05/2026;681;42.91;;;;
2;22/08/2025;765;21.94;;;;
2;07/07/2025;567;37.67;;;;
2;13/02/2026;672;1.49;;;;
2;08/10/2025;823;197.82;;;;
2;12/11/2025;154;23.67;;;;
2;13/11/2024;511;63.78;;;;
2;22/08/2025;12;91.22;;;;
2;07/08/2024;215;81.43;;;;
2;17/12/2025;913;197.28;;;;
2;25/03/2025;531;1.76;;;;
2;05/03/2026;372;164.25;;;;
2;19/12/2024;802;7.01;;;;
2;12/08/2025;480;12.99;;;;
2;25/07/2025;951;38.27;;;;
2;04/06/2025;625;144.54;;;;
2;23/05/2025;463;0.78;;;;
2;14/01/2025;850;2.32;;;;
2;27/03/2025;461;17.83;;;;
2;06/03/2025;323;1.3;;;;
2;18/12/2024;606;5.38;;;;
2;07/11/2025;479;59.31;;;;
2;14/01/2026;963;122.61;;;;
2;05/03/2026;59;0.47;;;;
2;02/03/2026;650;246.71;;;;
2;22/09/2025;112;10.49;;;;
2;20/03/2026;726;4.54;;;;
2;23/04/2026;292;43.18;;;;
2;10/12/2024;189;183.71;;;;
2;04/07/2025;230;17.16;;;;
2;19/02/2025;305;223.84;;;;
2;23/06/2025;942;7.34;;;;
2;17/02/2025;825;64.24;;;;
2;19/02/2026;234;25.79;;;;
2;08/01/2025;635;54.75;;;;
2;14/03/2025;236;222;;;;
2;17/10/2025;781;21.72;;;;
2;11/07/2025;333;48.48;;;;
2;19/09/2024;97;2.35;;;;
2;21/04/2025;8;9.38;;;;
2;20/02/2025;176;8.06;;;;
2;15/01/2025;893;1.43;;;;
2;24/12/2025;982;17.02;;;;
2;24/03/2025;92;30.71;;;;
2;11/07/2024;276;106.53;;;;
2;26/02/2025;935;58.77;;;;
2;04/07/2025;827;209.75;;;;
2;16/01/2025;583;20.84;;;;
2;02/04/2026;78;290.61;;;;
2;07/05/2025;546;1.94;;;;
2;29/09/2025;374;27.91;;;;
2;30/07/2025;658;125.58;;;;
2;21/05/2025;649;226.9;;;;
2;27/04/2026;161;303.98;;;;
2;30/04/2026;355;35.63;;;;
2;29/01/2026;274;12.04;;;;
2;05/02/2025;805;1.27;;;;
2;15/05/2025;769;156.94;;;;
2;10/09/2024;702;10.31;;;;
2;25/03/2026;616;1.02;;;;
2;31/01/2025;807;22.32;;;;
2;28/01/2026;481;70.85;;;;
2;12/11/2024;775;23.77;;;;
2;09/10/2024;839;1.36;;;;
2;03/06/2026;730;7.84;;;;
2;22/08/2024;174;1504.55;;;;
2;22/10/2024;72;72.59;;;;
2;31/07/2025;777;4.05;;;;
2;20/01/2025;511;18.29;;;;
2;17/07/2024;7;65.03;;;;
2;02/06/2025;258;1.35;;;;
2;23/09/2024;505;287.56;;;;
2;27/08/2024;617;6.44;;;;
2;30/06/2025;577;0.91;;;;
2;13/04/2026;952;53.57;;;;
2;12/08/2025;196;0.79;;;;
2;05/02/2025;535;0.24;;;;
2;27/03/2025;269;30.81;;;;
2;14/01/2026;89;0.29;;;;
2;23/01/2025;306;7.6;;;;
2;06/02/2026;482;7.62;;;;
2;16/07/2024;503;43.66;;;;
2;25/03/2026;261;1.27;;;;
2;14/08/2024;477;10.99;;;;
2;13/04/2026;568;33.76;;;;
2;22/05/2026;562;5.66;;;;
2;18/03/2025;904;5.51;;;;
2;21/02/2025;149;218.67;;;;
2;20/03/2026;646;16.96;;;;
2;26/08/2025;828;77.74;;;;
2;15/11/2024;930;61.07;;;;
2;26/08/2024;58;78.8;;;;
2;16/12/2024;827;30.57;;;;
2;20/01/2025;580;1.46;;;;
2;13/02/2026;427;23.03;;;;
2;04/10/2024;92;5060.81;;;;
2;27/02/2026;276;407.58;;;;
2;18/11/2025;172;4098.95;;;;
2;19/09/2025;421;198.22;;;;
2;09/07/2025;682;0.85;;;;
2;30/06/2025;82;5016.58;;;;
2;15/04/2026;948;24.77;;;;
2;24/12/2024;996;0.68;;;;
2;11/05/2026;325;76.8;;;;
2;30/12/2025;660;99.36;;;;
2;01/08/2024;422;238.57;;;;
2;13/03/2026;951;12.28;;;;
2;30/04/2026;701;7.78;;;;
2;02/10/2025;660;71.71;;;;
2;22/04/2026;459;182.05;;;;
2;26/05/2026;261;25.44;;;;
2;05/12/2024;750;77.95;;;;
2;18/12/2024;943;23.72;;;;
2;12/02/2026;588;28.71;;;;
2;07/10/2024;67;1.02;;;;
2;25/12/2024;840;26.88;;;;
2;12/09/2024;59;51.45;;;;
2;19/09/2024;579;80.09;;;;
2;02/12/2024;556;22.39;;;;
2;17/02/2026;838;48.8;;;;
2;25/04/2025;300;79.58;;;;
2;05/09/2025;89;212.81;;;;
2;15/08/2025;326;0.8;;;;
2;06/08/2024;363;362.98;;;;
2;09/07/2024;718;45.72;;;;
2;30/12/2025;423;78.64;;;;
2;02/07/2024;666;7.02;;;;
2;12/08/2025;732;234.67;;;;
2;21/08/2025;279;72.61;;;;
2;09/02/2026;609;24.07;;;;
2;06/02/2026;133;1.07;;;;
2;13/03/2026;875;30.07;;;;
2;22/08/2024;828;92.96;;;;
2;29/10/2025;881;205.9;;;;
2;25/02/2026;740;240.07;;;;
2;03/09/2024;736;84.57;;;;
2;21/04/2026;8;68.77;;;;
2;03/03/2025;570;21.26;;;;
2;04/06/2026;330;259.92;;;;
2;16/10/2024;489;18.7;;;;
2;01/08/2024;668;23.31;;;;
2;12/06/2025;858;203.21;;;;
2;01/10/2024;210;18.77;;;;
2;24/03/2025;290;1.24;;;;
2;27/11/2025;179;5254.92;;;;
2;10/03/2026;731;26.22;;;;
2;24/02/2025;75;246.49;;;;
2;19/02/2025;637;36.55;;;;
2;10/02/2025;333;16.24;;;;
2;03/09/2025;407;0.94;;;;
2;02/03/2026;624;150.24;;;;
2;29/10/2025;54;39.18;;;;
2;03/12/2024;775;1.03;;;;
2;14/10/2025;603;33.1;;;;
2;08/05/2025;861;82.44;;;;
2;10/06/2025;695;10.67;;;;
2;10/12/2025;24;33.11;;;;
2;31/07/2025;306;315.99;;;;
2;18/08/2025;365;23.25;;;;
2;27/06/2025;692;163.31;;;;
2;16/09/2024;414;317.46;;;;
2;15/04/2025;565;115.47;;;;
2;04/03/2026;529;20.66;;;;
2;13/08/2024;521;23.05;;;;
2;03/12/2025;647;90.75;;;;
2;12/08/2024;382;0.91;;;;
2;18/09/2024;107;80.35;;;;
2;02/05/2025;626;35.19;;;;
2;09/08/2024;598;30.83;;;;
2;15/11/2024;176;17.98;;;;
2;29/12/2025;509;8.96;;;;
2;20/02/2025;935;18.19;;;;
2;05/06/2025;884;1.52;;;;
2;11/11/2024;552;23.3;;;;
2;13/05/2026;746;76.92;;;;
2;02/07/2024;702;249.05;;;;
2;04/11/2024;629;14.62;;;;
2;09/10/2025;969;133.32;;;;
2;09/04/2026;297;33.12;;;;
2;14/08/2024;557;75.1;;;;
2;01/12/2025;869;7.52;;;;
2;09/12/2024;889;6.65;;;;
2;26/09/2024;557;28.55;;;;
2;22/04/2025;344;1.41;;;;
2;01/04/2025;85;28.94;;;;
2;21/11/2024;222;243.61;;;;
2;04/12/2025;468;48.06;;;;
2;14/04/2026;853;257.9;;;;
2;18/12/2024;863;245.2;;;;
2;17/12/2025;62;1.32;;;;
2;16/10/2024;1000;18.66;;;;
2;11/12/2024;811;68.02;;;;
2;27/11/2025;315;23.4;;;;
2;13/01/2026;19;35.54;;;;
2;20/04/2026;160;30.68;;;;
2;09/04/2025;255;4.6;;;;
2;24/02/2026;98;38.92;;;;
2;26/08/2024;233;26.5;;;;
2;03/06/2026;970;1.67;;;;
2;29/10/2025;283;15.53;;;;
2;13/08/2025;150;27.51;;;;
2;27/11/2025;660;85.25;;;;
2;23/10/2024;114;109.28;;;;
2;25/12/2024;331;53.84;;;;
2;29/09/2025;862;116.85;;;;
2;21/03/2025;964;281.09;;;;
2;07/03/2025;799;8.41;;;;
2;04/11/2024;55;30.74;;;;
2;31/10/2024;482;22.5;;;;
2;03/03/2025;971;32.72;;;;
2;24/07/2025;431;0.88;;;;
2;01/04/2025;306;0.95;;;;
2;11/12/2025;538;67.17;;;;
2;12/09/2024;412;1.42;;;;
2;07/04/2025;350;56.41;;;;
2;09/09/2025;595;381.11;;;;
2;02/01/2026;578;1.35;;;;
2;06/02/2026;352;35.75;;;;
2;18/07/2025;498;243.26;;;;
2;02/06/2025;766;8.54;;;;
2;06/01/2025;64;28.14;;;;
2;14/01/2026;449;0.27;;;;
2;16/07/2025;436;0.84;;;;
2;07/07/2025;630;22.32;;;;
2;16/01/2025;679;32.17;;;;
2;15/01/2025;218;35.35;;;;
2;15/07/2024;5;45.42;;;;
2;17/11/2025;775;5.01;;;;
2;07/01/2025;193;7.25;;;;
2;17/09/2025;560;12.61;;;;
2;22/08/2025;864;43.03;;;;
2;14/04/2025;95;25.83;;;;
2;09/01/2026;251;30.91;;;;
2;15/11/2024;881;165.34;;;;
2;21/01/2026;597;49.83;;;;
2;25/11/2024;966;65.21;;;;
2;05/05/2026;829;1.14;;;;
2;22/01/2025;573;103.41;;;;
2;01/10/2024;781;315.38;;;;
2;01/04/2026;685;168.46;;;;
2;10/07/2025;212;34.36;;;;
2;13/04/2026;175;143.75;;;;
2;02/09/2024;436;17.5;;;;
2;13/10/2025;137;5.7;;;;
2;07/07/2025;376;1.37;;;;
2;06/11/2025;612;12.64;;;;
2;07/05/2026;84;11.41;;;;
2;04/07/2025;320;26.64;;;;
2;14/01/2026;320;66.49;;;;
2;03/02/2025;573;26.45;;;;
2;25/07/2024;682;59.46;;;;
2;18/10/2024;213;72.73;;;;
2;08/07/2024;405;31.94;;;;
2;25/08/2025;265;34.5;;;;
2;09/08/2024;971;0.84;;;;
2;14/07/2025;304;6.16;;;;
2;26/05/2025;81;16.95;;;;
2;17/03/2025;869;13.04;;;;
2;30/08/2024;671;162.97;;;;
2;20/08/2024;950;37.24;;;;
2;09/06/2025;263;28.56;;;;
2;11/10/2024;194;31.27;;;;
2;26/08/2025;470;1.2;;;;
2;23/06/2025;972;1.08;;;;
2;31/12/2025;140;24.29;;;;
2;31/03/2026;651;218.91;;;;
2;29/04/2026;664;245.47;;;;
2;12/12/2024;443;42.51;;;;
2;14/11/2024;90;237.91;;;;
2;02/07/2024;619;148.77;;;;
2;24/11/2025;93;138.63;;;;
2;11/09/2024;838;283.65;;;;
2;31/03/2025;842;7.45;;;;
2;17/09/2024;62;83.94;;;;
2;19/02/2026;774;40.87;;;;
2;16/05/2025;490;65.6;;;;
2;16/03/2026;420;34.66;;;;
2;17/03/2026;816;179.11;;;;
2;10/11/2025;601;1463.71;;;;
2;12/05/2025;474;252.72;;;;
2;20/11/2024;941;6.25;;;;
2;25/11/2025;549;73.77;;;;
2;22/04/2025;393;371.1;;;;
2;11/10/2024;827;1.07;;;;
2;28/08/2024;243;10.35;;;;
2;27/09/2024;8;235.82;;;;
2;11/02/2025;130;0.81;;;;
2;01/09/2025;875;0.95;;;;
2;13/01/2026;783;12.26;;;;
2;09/02/2026;541;50.69;;;;
2;03/06/2025;501;0.92;;;;
2;13/09/2024;611;26.07;;;;
2;20/05/2026;797;6.27;;;;
2;10/03/2026;387;8.54;;;;
2;23/07/2024;477;19.68;;;;
2;05/11/2024;946;38.49;;;;
2;14/05/2025;988;8.56;;;;
2;01/08/2025;7;11.5;;;;
2;25/12/2025;196;29.32;;;;
2;21/01/2026;880;4.99;;;;
2;29/10/2024;72;32.83;;;;
2;01/05/2026;998;84.2;;;;
2;22/04/2026;291;160.66;;;;
2;14/08/2025;45;10.41;;;;
2;07/10/2025;437;145.98;;;;
2;02/06/2025;312;24.09;;;;
2;17/04/2025;860;91.29;;;;
2;14/01/2026;113;23.53;;;;
2;26/09/2025;755;25.12;;;;
2;10/09/2024;249;124.38;;;;
2;29/08/2024;997;9.3;;;;
2;07/07/2025;415;22.07;;;;
2;01/04/2026;147;27.93;;;;
2;07/05/2026;632;79.35;;;;
2;04/07/2024;454;32.4;;;;
2;27/03/2026;559;27.08;;;;
2;20/03/2025;384;4.58;;;;
2;28/11/2025;984;0.94;;;;
2;22/08/2024;124;296.38;;;;
2;19/08/2024;976;144.88;;;;
2;18/12/2024;936;207.86;;;;
2;19/12/2025;260;39.76;;;;
2;11/07/2025;227;100.55;;;;
2;01/11/2024;848;246.68;;;;
2;28/08/2025;914;30.92;;;;
2;30/09/2024;700;21.48;;;;
2;12/11/2024;193;92.35;;;;
2;14/08/2025;392;0.74;;;;
2;19/02/2026;319;6.71;;;;
2;10/10/2024;65;232.28;;;;
2;02/02/2026;644;11.95;;;;
2;08/01/2026;286;170.88;;;;
2;26/11/2024;598;6.75;;;;
2;10/09/2024;17;217.28;;;;
2;27/10/2025;484;1.41;;;;
2;10/10/2024;849;34.42;;;;
2;13/11/2024;171;67.93;;;;
2;10/12/2024;489;1.43;;;;
2;15/10/2025;588;249.72;;;;
2;02/04/2025;122;22.57;;;;
2;11/12/2025;320;0.84;;;;
2;11/09/2025;633;180;;;;
2;22/12/2025;81;6.39;;;;
2;01/01/2026;771;1.2;;;;
2;21/11/2025;341;13.23;;;;
2;02/10/2024;690;18.35;;;;
2;04/09/2025;336;1.93;;;;
2;23/08/2024;536;47.46;;;;
2;25/04/2025;134;78.26;;;;
2;28/08/2025;881;11.44;;;;
2;25/11/2024;275;27.69;;;;
2;30/12/2025;969;16.05;;;;
2;20/11/2025;17;44.31;;;;
2;07/11/2024;589;2.38;;;;
2;20/08/2024;797;139.37;;;;
2;05/03/2026;486;121.19;;;;
2;09/02/2026;235;35.85;;;;
2;04/11/2024;292;18.87;;;;
2;21/02/2025;58;46.62;;;;
2;04/04/2025;496;1.83;;;;
2;30/12/2024;928;14.71;;;;
2;03/01/2025;584;23.44;;;;
2;09/10/2025;599;34.92;;;;
2;08/01/2026;813;1.27;;;;
2;22/09/2025;916;36.29;;;;
2;07/01/2026;686;149.01;;;;
2;19/05/2026;944;29.84;;;;
2;04/12/2025;195;50.25;;;;
2;18/09/2025;935;90.26;;;;
2;04/03/2025;638;2.33;;;;
2;06/05/2025;98;61.82;;;;
2;13/11/2024;281;4.76;;;;
2;29/01/2025;267;25.14;;;;
2;03/03/2026;305;91.21;;;;
2;02/04/2025;139;5.81;;;;
2;25/07/2024;362;8.33;;;;
2;13/11/2025;127;20.15;;;;
2;03/06/2026;721;170.58;;;;
2;13/01/2025;871;310.58;;;;
2;27/01/2025;564;0.69;;;;
2;11/02/2026;354;69.28;;;;
2;09/09/2024;515;7.13;;;;
2;02/10/2025;650;14.58;;;;
2;15/10/2025;42;12.88;;;;
2;13/05/2025;636;2.05;;;;
2;15/04/2026;41;141.98;;;;
2;13/03/2025;940;118.13;;;;
2;02/10/2025;35;8.72;;;;
2;20/11/2024;786;37.97;;;;
2;05/03/2026;484;26.78;;;;
2;17/09/2025;268;105.83;;;;
2;29/05/2025;894;57.95;;;;
2;25/12/2024;126;6.35;;;;
2;05/09/2024;450;250.47;;;;
2;21/08/2025;295;4283.55;;;;
2;14/04/2025;543;1.11;;;;
2;06/08/2024;94;1.18;;;;
2;02/12/2025;283;1.17;;;;
2;22/11/2024;591;100.31;;;;
2;10/07/2025;400;143.8;;;;
2;25/02/2026;737;59.04;;;;
2;14/10/2025;646;57.61;;;;
2;16/06/2025;816;6.1;;;;
2;26/12/2024;892;281.08;;;;
2;09/04/2026;141;0.74;;;;
2;22/10/2025;821;162.52;;;;
2;23/07/2024;198;11.4;;;;
2;14/03/2025;47;28.33;;;;
2;03/03/2026;268;254.03;;;;
2;09/03/2026;916;36.78;;;;
2;19/03/2026;43;0.81;;;;
2;27/11/2025;494;7.47;;;;
2;22/12/2025;45;163.86;;;;
2;09/04/2025;11;260.99;;;;
2;31/03/2026;111;5066.12;;;;
2;19/05/2026;946;6.39;;;;
2;04/07/2025;231;19.57;;;;
2;25/11/2024;542;279.06;;;;
2;09/12/2025;474;8.28;;;;
2;02/10/2025;192;23.66;;;;
2;26/01/2026;593;129.13;;;;
2;12/02/2026;691;107.17;;;;
2;16/12/2025;400;192.91;;;;
2;11/02/2025;831;105.82;;;;
2;22/07/2024;660;35.62;;;;
2;08/07/2024;866;10.89;;;;
2;22/01/2026;126;26.55;;;;
2;10/09/2025;833;49.71;;;;
2;19/07/2024;429;22;;;;
2;04/02/2025;176;1425.86;;;;
2;29/04/2025;986;70.61;;;;
2;13/11/2025;34;104.19;;;;
2;17/02/2026;895;17.76;;;;
2;23/03/2026;833;251.84;;;;
2;04/07/2024;669;2.13;;;;
2;17/09/2024;609;26.14;;;;
2;14/01/2026;25;5.9;;;;
2;25/07/2025;190;29.02;;;;
2;17/02/2025;946;234.75;;;;
2;26/05/2025;711;201.37;;;;
2;11/12/2025;141;0.91;;;;
2;05/06/2026;288;27.37;;;;
2;12/09/2024;321;109.36;;;;
2;08/12/2025;723;65.09;;;;
2;07/01/2025;175;149.44;;;;
2;22/08/2025;402;17.85;;;;
2;12/09/2024;686;245.3;;;;
2;14/11/2024;935;12.17;;;;
2;01/05/2026;927;8.77;;;;
2;09/05/2025;376;205.61;;;;
2;23/12/2024;564;54.44;;;;
2;30/07/2024;64;6.77;;;;
2;16/07/2025;782;26.44;;;;
2;17/02/2026;926;75.34;;;;
2;03/12/2025;865;58.71;;;;
2;07/08/2025;707;8.49;;;;
2;10/03/2026;779;72.2;;;;
2;05/08/2025;346;60.96;;;;
2;12/03/2025;712;268.87;;;;
2;23/10/2024;513;109.32;;;;
2;22/07/2024;648;16.48;;;;
2;27/02/2025;177;62.86;;;;
2;04/05/2026;841;33.35;;;;
2;18/09/2024;91;156.78;;;;
2;15/07/2024;354;0.83;;;;
2;15/04/2026;912;0.8;;;;
2;12/02/2025;752;192.23;;;;
2;01/06/2026;828;98.77;;;;
2;05/07/2024;105;7.8;;;;
2;08/01/2025;438;70.49;;;;
2;24/09/2024;847;262.72;;;;
2;21/11/2024;895;43.58;;;;
2;12/01/2026;503;74.85;;;;
2;03/06/2025;57;213.75;;;;
2;07/11/2025;631;148.96;;;;
2;05/11/2025;516;4.77;;;;
2;26/05/2026;822;37.93;;;;
2;06/08/2024;310;0.27;;;;
2;24/10/2024;571;160.85;;;;
2;19/08/2024;908;8.27;;;;
2;19/01/2026;553;0.73;;;;
2;23/10/2025;876;143.58;;;;
2;10/09/2025;486;83.79;;;;
2;17/07/2024;501;262.13;;;;
2;17/07/2025;76;88.62;;;;
2;02/06/2025;314;1.28;;;;
2;07/11/2025;893;183.51;;;;
2;28/01/2026;950;1.55;;;;
2;28/10/2025;592;105.14;;;;
2;29/04/2025;917;4.91;;;;
2;25/12/2025;52;1.07;;;;
2;08/05/2025;723;45.86;;;;
2;07/01/2025;593;21.88;;;;
2;08/07/2025;889;54.32;;;;
2;10/03/2026;351;202.96;;;;
2;24/06/2025;71;5.32;;;;
2;24/04/2025;710;34.46;;;;
2;23/02/2026;519;19.18;;;;
2;17/02/2025;308;294.99;;;;
2;05/08/2025;583;13.43;;;;
2;06/11/2025;142;4.6;;;;
2;18/09/2025;927;248.73;;;;
2;15/04/2026;442;21.08;;;;
2;01/10/2024;540;5.65;;;;
2;02/02/2026;945;6.66;;;;
2;16/09/2025;468;4.9;;;;
2;04/11/2025;999;7.09;;;;
2;27/11/2024;512;23.54;;;;
2;01/04/2026;785;110.19;;;;
2;09/12/2025;162;30.97;;;;
2;05/08/2025;52;231.33;;;;
2;18/12/2024;327;95.31;;;;
2;07/11/2024;796;1.24;;;;
2;02/04/2025;686;140.98;;;;
2;03/02/2026;481;1.81;;;;
2;09/09/2025;851;12.05;;;;
2;16/07/2025;822;2.1;;;;
2;04/09/2025;621;7.5;;;;
2;13/10/2025;238;71.44;;;;
2;25/04/2025;292;73.87;;;;
2;05/03/2026;413;39.93;;;;
2;13/02/2025;405;6.2;;;;
2;25/08/2025;78;19.32;;;;
2;12/11/2024;126;56.23;;;;
2;06/11/2025;908;30.51;;;;
2;14/01/2026;912;1.31;;;;
2;03/09/2025;923;0.91;;;;
2;29/01/2025;844;18.63;;;;
2;30/07/2025;894;11.26;;;;
2;20/02/2026;661;255.96;;;;
2;31/03/2026;319;33.35;;;;
2;26/01/2026;231;46.27;;;;
2;28/03/2025;734;11.2;;;;
2;12/11/2025;281;210.86;;;;
2;05/02/2025;376;189.81;;;;
2;08/05/2025;244;5.74;;;;
2;10/12/2024;901;33.89;;;;
2;03/03/2025;941;222.36;;;;
2;09/02/2026;703;250.98;;;;
2;11/04/2025;394;19.12;;;;
2;06/01/2025;140;244.29;;;;
2;26/12/2024;675;0.73;;;;
2;25/10/2024;516;9.52;;;;
2;02/04/2026;979;172.57;;;;
2;20/11/2024;214;178.34;;;;
2;06/03/2026;763;1.74;;;;
2;16/03/2026;631;18.9;;;;
2;20/05/2025;15;56.18;;;;
2;10/03/2026;176;32.79;;;;
2;15/08/2025;506;8.47;;;;
2;16/01/2026;456;25.2;;;;
2;29/08/2024;216;29.48;;;;
2;23/08/2024;292;26.22;;;;
2;07/01/2025;887;13.79;;;;
2;04/06/2025;350;244.82;;;;
2;08/08/2024;171;1.26;;;;
2;12/05/2026;914;22.01;;;;
2;01/01/2026;244;26.18;;;;
2;30/07/2024;488;26.71;;;;
2;17/03/2025;244;17.36;;;;
2;22/04/2025;20;64.97;;;;
2;17/04/2026;310;34.07;;;;
2;12/09/2024;238;5.31;;;;
2;09/12/2025;6;84.91;;;;
2;01/04/2026;983;167.03;;;;
2;30/10/2024;190;67.5;;;;
2;22/05/2026;802;241.18;;;;
2;01/08/2025;388;1.41;;;;
2;20/09/2024;903;13.85;;;;
2;19/12/2024;877;24.27;;;;
2;20/05/2025;324;31.88;;;;
2;07/11/2024;910;25.75;;;;
2;03/07/2024;436;22.79;;;;
2;25/08/2025;651;69.28;;;;
2;20/01/2025;138;5323.37;;;;
2;03/09/2025;659;24.29;;;;
2;21/03/2025;280;0.76;;;;
2;02/01/2026;478;37.03;;;;
2;19/03/2025;12;57.16;;;;
2;28/07/2025;283;59.2;;;;
2;20/01/2025;412;12.31;;;;
2;07/10/2025;498;39.24;;;;
2;13/09/2024;739;34.35;;;;
2;11/07/2024;462;6.26;;;;
2;15/11/2024;304;36.53;;;;
2;10/09/2025;609;26.62;;;;
2;17/10/2025;42;5.11;;;;
2;17/04/2026;714;17.91;;;;
2;17/03/2026;78;1.07;;;;
2;28/11/2025;457;42.94;;;;
2;16/01/2025;766;287.64;;;;
2;20/05/2025;982;1.8;;;;
2;07/04/2025;633;17.72;;;;
2;30/05/2025;815;81.58;;;;
2;14/10/2024;426;28.53;;;;
2;08/09/2025;648;89.81;;;;
2;02/06/2025;729;31.14;;;;
2;29/01/2026;13;1.4;;;;
2;31/10/2025;223;60.68;;;;
